Player Name,Local ID,NBA.com Name,NBA.com ID,NBA.com Team,NBA.com Position,Discrepancies
AJ Hammons,1627773,AJ Hammons,1627773,Mavericks,Center,{}
AJ Price,201985,AJ Price,201985,,Guard,{}
Aaron Brooks,201166,Aaron Brooks,201166,Rockets,Guard,{}
Aaron Gordon,203932,Aaron Gordon,203932,Nuggets,Forward,{}
Aaron Gray,201189,Aaron Gray,201189,Bulls,Center,{}
Aaron Harrison,1626151,Aaron Harrison,1626151,Hornets,Guard,{}
Aaron Holiday,1628988,Aaron Holiday,1628988,Rockets,Guard,{}
Aaron Jackson,1628935,Aaron Jackson,1628935,Rockets,Guard,{}
Abdel Nader,1627846,Abdel Nader,1627846,,Forward,{}
Adam Morrison,200747,Adam Morrison,200747,Bobcats,Forward,{}
Adonis Thomas,203519,Adonis Thomas,203519,Magic,Guard-Forward,{}
Adreian Payne,203940,Adreian Payne,203940,,Forward,{}
Al-Farouq Aminu,202329,Al-Farouq Aminu,202329,Trail Blazers,Forward,{}
Al Harrington,1733,Al Harrington,1733,Pacers,Forward,{}
Al Horford,201143,Al Horford,201143,Celtics,Center-Forward,{}
Al Jefferson,2744,Al Jefferson,2744,Jazz,Center,{}
Alan Anderson,101187,Alan Anderson,101187,Nets,Forward-Guard,{}
Alan Williams,1626210,Alan Williams,1626210,Suns,Forward-Center,{}
Alec Burks,202692,Alec Burks,202692,Heat,Guard,{}
Alec Peters,1628409,Alec Peters,1628409,Suns,Forward,{}
Alex Acker,101165,Alex Acker,101165,Clippers,Guard,{}
Alex Caruso,1627936,Alex Caruso,1627936,Thunder,Guard,{}
Alex Kirk,203945,Alex Kirk,203945,,Center,{}
Alex Len,203458,Alex Len,203458,Lakers,Center,{}
Alex Poythress,1627816,Alex Poythress,1627816,Pacers,Forward,{}
Alex Stepheson,1627293,Alex Stepheson,1627293,,Forward,{}
Alexey Shved,203144,Alexey Shved,203144,Timberwolves,Guard,{}
Alfonzo McKinnie,1628035,Alfonzo McKinnie,1628035,,Forward,{}
Alize Johnson,1628993,Alize Johnson,1628993,,Forward,{}
Allan Houston,275,Allan Houston,275,,Guard,{}
Allen Crabbe,203459,Allen Crabbe,203459,,Guard-Forward,{}
Allen Iverson,947,Allen Iverson,947,76ers,Guard,{}
Allonzo Trier,1629019,Allonzo Trier,1629019,,Guard,{}
Alonzo Gee,202087,Alonzo Gee,202087,,Forward,{}
Alonzo Mourning,297,Alonzo Mourning,297,Heat,Center,{}
Amar'e Stoudemire,2405,Amar'e Stoudemire,2405,Suns,Forward-Center,{}
Amile Jefferson,1628518,Amile Jefferson,1628518,,Forward,{}
Amir Johnson,101161,Amir Johnson,101161,Raptors,Center-Forward,{}
Andray Blatche,101154,Andray Blatche,101154,Wizards,Center-Forward,{}
Andre Dawkins,203958,Andre Dawkins,203958,,Guard,{}
Andre Drummond,203083,Andre Drummond,203083,76ers,Center,{}
Andre Iguodala,2738,Andre Iguodala,2738,Warriors,Guard-Forward,{}
Andre Ingram,201281,Andre Ingram,201281,,Guard,{}
Andre Miller,1889,Andre Miller,1889,Nuggets,Guard,{}
Andre Roberson,203460,Andre Roberson,203460,,Guard-Forward,{}
Andrea Bargnani,200745,Andrea Bargnani,200745,,Center-Forward,{}
Andrei Kirilenko,1905,Andrei Kirilenko,1905,,Forward,{}
Andrew Bogut,101106,Andrew Bogut,101106,Bucks,Center,{}
Andrew Bynum,101115,Andrew Bynum,101115,Lakers,Center,{}
Andrew Goudelock,202726,Andrew Goudelock,202726,Lakers,Guard,{}
Andrew Harrison,1626150,Andrew Harrison,1626150,,Guard,{}
Andrew Nicholson,203094,Andrew Nicholson,203094,Magic,Forward,{}
Andrew White III,1628510,Andrew White III,1628510,Hawks,Forward,{}
Andrew Wiggins,203952,Andrew Wiggins,203952,Heat,Forward,{}
Anfernee Hardaway,358,Anfernee Hardaway,358,,Forward,{}
Anfernee Simons,1629014,Anfernee Simons,1629014,Trail Blazers,Guard,{}
Antawn Jamison,1712,Antawn Jamison,1712,,Forward,{}
Anthony Bennett,203461,Anthony Bennett,203461,,Forward,{}
Anthony Brown,1626148,Anthony Brown,1626148,Lakers,Forward-Guard,{}
Anthony Davis,203076,Anthony Davis,203076,Mavericks,Forward-Center,{}
Anthony Morrow,201627,Anthony Morrow,201627,Thunder,Guard,{}
Anthony Parker,1515,Anthony Parker,1515,Raptors,Guard,{}
Anthony Randolph,201576,Anthony Randolph,201576,,,{}
Anthony Tolliver,201229,Anthony Tolliver,201229,Pistons,Forward,{}
Antoine Walker,952,Antoine Walker,952,Celtics,Forward,{}
Antonio Blakeney,1628469,Antonio Blakeney,1628469,Bulls,Guard,{}
Antonio McDyess,686,Antonio McDyess,686,Pistons,Forward-Center,{}
Antonius Cleveland,1628499,Antonius Cleveland,1628499,Mavericks,Guard,{}
Archie Goodwin,203462,Archie Goodwin,203462,Suns,Guard,{}
Arinze Onuaku,202620,Arinze Onuaku,202620,,Forward-Center,{}
Armon Johnson,202356,Armon Johnson,202356,Trail Blazers,Guard,{}
Arnett Moultrie,203102,Arnett Moultrie,203102,76ers,Forward,{}
Aron Baynes,203382,Aron Baynes,203382,Pistons,Center-Forward,{}
Arron Afflalo,201167,Arron Afflalo,201167,Nuggets,Guard,{}
Austin Daye,201948,Austin Daye,201948,Pistons,Forward,{}
Austin Rivers,203085,Austin Rivers,203085,Timberwolves,Guard,{}
Avery Bradley,202340,Avery Bradley,202340,Lakers,Guard,{}
Axel Toupane,1626253,Axel Toupane,1626253,Nuggets,Guard-Forward,{}
BJ Johnson,1629168,BJ Johnson,1629168,,Forward,{}
Baron Davis,1884,Baron Davis,1884,Hornets,Guard,{}
Ben McLemore,203463,Ben McLemore,203463,Trail Blazers,Guard,{}
Ben Moore,1628500,Ben Moore,1628500,Pacers,Forward,{}
Ben Simmons,1627732,Ben Simmons,1627732,Clippers,Guard-Forward,{}
Beno Udrih,2757,Beno Udrih,2757,Kings,Guard,{}
Bernard James,203108,Bernard James,203108,Mavericks,Center,{}
Billy Garrett,1628656,Billy Garrett,1628656,Knicks,Guard-Forward,{}
Bismack Biyombo,202687,Bismack Biyombo,202687,Spurs,Center,{}
Blake Ahearn,201336,Blake Ahearn,201336,Heat,Guard,{}
Blake Griffin,201933,Blake Griffin,201933,Celtics,Forward,{}
Boban Marjanovic,1626246,Boban Marjanović,1626246,Rockets,Center,"{""name"": {""local"": ""Boban Marjanovic"", ""nba"": ""Boban Marjanovi\u0107""}}"
Bobby Brown,201628,Bobby Brown,201628,,Guard,{}
Bobby Portis,1626171,Bobby Portis,1626171,Bucks,Forward,{}
Bogdan Bogdanovic,203992,Bogdan Bogdanović,203992,Clippers,Guard,"{""name"": {""local"": ""Bogdan Bogdanovic"", ""nba"": ""Bogdan Bogdanovi\u0107""}}"
Bojan Bogdanovic,202711,Bojan Bogdanović,202711,Knicks,Forward,"{""name"": {""local"": ""Bojan Bogdanovic"", ""nba"": ""Bojan Bogdanovi\u0107""}}"
Bonzie Colson,1629045,Bonzie Colson,1629045,Bucks,Forward,{}
Boris Diaw,2564,Boris Diaw,2564,Spurs,Center-Forward,{}
Brad Wanamaker,202954,Brad Wanamaker,202954,,Guard,{}
Bradley Beal,203078,Bradley Beal,203078,Suns,Guard,{}
Brandan Wright,201148,Brandan Wright,201148,,Forward-Center,{}
Brandon Bass,101138,Brandon Bass,101138,Celtics,Forward,{}
Brandon Davies,203561,Brandon Davies,203561,,Forward,{}
Brandon Goodwin,1629164,Brandon Goodwin,1629164,Cavaliers,Guard,{}
Brandon Ingram,1627742,Brandon Ingram,1627742,Raptors,Forward,{}
Brandon Jennings,201943,Brandon Jennings,201943,Bucks,Guard,{}
Brandon Knight,202688,Brandon Knight,202688,,Guard,{}
Brandon Paul,203464,Brandon Paul,203464,Spurs,Guard,{}
Brandon Roy,200750,Brandon Roy,200750,Trail Blazers,Guard,{}
Brandon Rush,201575,Brandon Rush,201575,Pacers,Guard-Forward,{}
Brandon Sampson,1629102,Brandon Sampson,1629102,Bulls,Guard,{}
Brendan Haywood,2217,Brendan Haywood,2217,Wizards,Center,{}
Brent Barry,699,Brent Barry,699,SuperSonics,Guard,{}
Brian Cook,2567,Brian Cook,2567,Lakers,Center-Forward,{}
Brian Roberts,203148,Brian Roberts,203148,Pelicans,Guard,{}
Brian Scalabrine,2243,Brian Scalabrine,2243,Celtics,Forward,{}
Briante Weber,1627362,Briante Weber,1627362,Rockets,Guard,{}
Brice Johnson,1627744,Brice Johnson,1627744,,Forward,{}
Brook Lopez,201572,Brook Lopez,201572,Bucks,Center,{}
Bruce Brown,1628971,Bruce Brown,1628971,Pelicans,Guard-Forward,{}
Bruno Caboclo,203998,Bruno Caboclo,203998,,Forward,{}
Bryce Cotton,203955,Bryce Cotton,203955,Jazz,Guard,{}
Bryce Dejean-Jones,1626214,Bryce Dejean-Jones,1626214,,Guard,{}
Bryn Forbes,1627854,Bryn Forbes,1627854,,Guard,{}
CJ Miles,101139,CJ Miles,101139,,Guard,{}
C.J. Watson,201228,C.J. Watson,201228,Warriors,Guard,{}
CJ Wilcox,203912,C.J. Wilcox,203912,Clippers,Guard,"{""name"": {""local"": ""CJ Wilcox"", ""nba"": ""C.J. Wilcox""}}"
C.J. Williams,203710,C.J. Williams,203710,Clippers,Guard,{}
Caleb Swanigan,1628403,Caleb Swanigan,1628403,Trail Blazers,Forward,{}
Cameron Bairstow,203946,Cameron Bairstow,203946,Bulls,Forward-Center,{}
Cameron Payne,1626166,Cameron Payne,1626166,Knicks,Guard,{}
Caris LeVert,1627747,Caris LeVert,1627747,Hawks,Guard,{}
Carl Landry,201171,Carl Landry,201171,Kings,Forward,{}
Carlos Arroyo,2306,Carlos Arroyo,2306,Magic,Guard,{}
Carlos Boozer,2430,Carlos Boozer,2430,Jazz,Forward,{}
Carlos Delfino,2568,Carlos Delfino,2568,Pistons,Guard-Forward,{}
Carmelo Anthony,2546,Carmelo Anthony,2546,Lakers,Forward,{}
Caron Butler,2406,Caron Butler,2406,Wizards,Forward,{}
Carrick Felix,203467,Carrick Felix,203467,Cavaliers,Guard-Forward,{}
Cartier Martin,201858,Cartier Martin,201858,Wizards,Forward,{}
Casper Ware,203810,Casper Ware,203810,,,{}
Cedi Osman,1626224,Cedi Osman,1626224,Spurs,Forward,{}
Chandler Hutchison,1628990,Chandler Hutchison,1628990,,Forward-Guard,{}
Chandler Parsons,202718,Chandler Parsons,202718,,Forward,{}
Channing Frye,101112,Channing Frye,101112,Suns,Forward-Center,{}
Charles Cooke,1628429,Charles Cooke,1628429,Pelicans,Guard,{}
Charles Jenkins,202724,Charles Jenkins,202724,Warriors,Guard,{}
Charlie Bell,2294,Charlie Bell,2294,Bucks,Guard,{}
Charlie Villanueva,101111,Charlie Villanueva,101111,Pistons,Forward,{}
Chase Budinger,201978,Chase Budinger,201978,Rockets,Forward,{}
Chasson Randle,1626184,Chasson Randle,1626184,Magic,Guard,{}
Chauncey Billups,1497,Chauncey Billups,1497,Pistons,Guard,{}
Cheick Diallo,1627767,Cheick Diallo,1627767,,Forward-Center,{}
Chimezie Metu,1629002,Chimezie Metu,1629002,Pistons,Forward-Center,{}
Chinanu Onuaku,1627778,Chinanu Onuaku,1627778,Rockets,Center,{}
Chris Andersen,2365,Chris Andersen,2365,,Forward-Center,{}
Chris Babb,203569,Chris Babb,203569,Celtics,Guard,{}
Chris Bosh,2547,Chris Bosh,2547,Heat,Forward,{}
Chris Boucher,1628449,Chris Boucher,1628449,Raptors,Forward,{}
Chris Chiozza,1629185,Chris Chiozza,1629185,Warriors,Guard,{}
Chris Copeland,203142,Chris Copeland,203142,,Forward,{}
Chris Douglas-Roberts,201604,Chris Douglas-Roberts,201604,,Guard,{}
Chris Duhon,2768,Chris Duhon,2768,Bulls,Guard,{}
Chris Johnson,203187,Chris Johnson,203187,Jazz,Forward,{}
Chris Kaman,2549,Chris Kaman,2549,Clippers,Center,{}
Chris McCullough,1626191,Chris McCullough,1626191,Nets,Forward,{}
Chris Paul,101108,Chris Paul,101108,Spurs,Guard,{}
Chris Singleton,202698,Chris Singleton,202698,Wizards,Forward,{}
Chris Smith,203147,Chris Smith,203147,,Guard,{}
Chris Webber,185,Chris Webber,185,,Forward-Center,{}
Chris Wilcox,2404,Chris Wilcox,2404,Clippers,Forward-Center,{}
Chris Wright,203203,Chris Wright,203203,,Guard,{}
Christian Eyenga,201963,Christian Eyenga,201963,Cavaliers,Forward,{}
Christian Wood,1626174,Christian Wood,1626174,Lakers,Forward,{}
Chuck Hayes,101236,Chuck Hayes,101236,,Forward-Center,{}
Chucky Atkins,1088,Chucky Atkins,1088,Pistons,Guard,{}
Cleanthony Early,203921,Cleanthony Early,203921,Knicks,Forward,{}
Cliff Alexander,1626146,Cliff Alexander,1626146,Trail Blazers,Forward,{}
Clint Capela,203991,Clint Capela,203991,Hawks,Center,{}
Cody Zeller,203469,Cody Zeller,203469,Pelicans,Forward-Center,{}
Cole Aldrich,202332,Cole Aldrich,202332,Knicks,Center,{}
Collin Sexton,1629012,Collin Sexton,1629012,Jazz,Guard,{}
Corey Brewer,201147,Corey Brewer,201147,Timberwolves,Guard-Forward,{}
Corey Maggette,1894,Corey Maggette,1894,Clippers,Forward,{}
Cory Higgins,202809,Cory Higgins,202809,,Guard,{}
Cory Jefferson,203928,Cory Jefferson,203928,,Forward,{}
Cory Joseph,202709,Cory Joseph,202709,Magic,Guard,{}
Coty Clarke,1626262,Coty Clarke,1626262,,Forward,{}
Courtney Fortson,202622,Courtney Fortson,202622,Rockets,Guard,{}
Johnny Egan,76647,Johnny Egan,76647,Bullets,Guard,{}
Johnny Green,76867,Johnny Green,76867,Knicks,Forward,{}
Johnny High,77022,Johnny High,77022,Suns,Guard,{}
Johnny Horan,77055,Johnny Horan,77055,Lakers,Forward,{}
Johnny Jones,77187,Johnny Jones,77187,Celtics,Forward,{}
Johnny Macknowski,77436,Johnny Macknowski,77436,Nationals,Guard,{}
Johnny McCarthy,77506,Johnny McCarthy,77506,Hawks,Guard,{}
Johnny Moore,77633,Johnny Moore,77633,Spurs,Guard,{}
Johnny Neumann,77705,Johnny Neumann,77705,Lakers,Guard,{}
Johnny Newman,271,Johnny Newman,271,Bucks,Forward,{}
Johnny Norlander,77728,Johnny Norlander,77728,Capitols,Forward,{}
Johnny Orr,77769,Johnny Orr,77769,Bombers,Forward,{}
Johnny Payak,77821,Johnny Payak,77821,Hawks,Guard,{}
Johnny Rogers,78007,Johnny Rogers,78007,Kings,Forward,{}
Johnny Taylor,1511,Johnny Taylor,1511,Nuggets,Forward,{}
Jon Barry,468,Jon Barry,468,,Guard,{}
Jon Koncak,402,Jon Koncak,402,Hawks,Center,{}
Jon McGlocklin,77533,Jon McGlocklin,77533,Bucks,Guard,{}
Jon Sundvold,78279,Jon Sundvold,78279,Spurs,Guard,{}
Jonathan Bender,1886,Jonathan Bender,1886,Pacers,Forward,{}
Jonathan Kerner,1801,Jonathan Kerner,1801,Magic,Center,{}
Jorge Garbajosa,200816,Jorge Garbajosa,200816,,Forward,{}
Jose Slaughter,78172,Jose Slaughter,78172,Pacers,Guard,{}
Joseph Forte,2218,Joseph Forte,2218,SuperSonics,Guard,{}
Josh Boone,200767,Josh Boone,200767,Nets,Forward-Center,{}
Josh Grant,76852,Josh Grant,76852,Warriors,Forward,{}
Juan Carlos Navarro,2434,Juan Carlos Navarro,2434,,,{}
Juan Dixon,2413,Juan Dixon,2413,Wizards,Guard,{}
Juaquin Hawkins,1038,Juaquin Hawkins,1038,Rockets,Forward,{}
Jud Buechler,146,Jud Buechler,146,Bulls,Guard-Forward,{}
Julius Erving,76681,Julius Erving,76681,76ers,Forward,{}
Julius Hodge,101125,Julius Hodge,101125,,Guard,{}
Julius Nwosu,1022,Julius Nwosu,1022,Spurs,Forward,{}
Jumaine Jones,1908,Jumaine Jones,1908,Cavaliers,Forward,{}
Junior Bridgeman,76252,Junior Bridgeman,76252,Bucks,Forward,{}
Junior Burrough,675,Junior Burrough,675,Celtics,Forward,{}
Junior Harrington,2454,Junior Harrington,2454,Nuggets,Guard,{}
Justin Reed,2770,Justin Reed,2770,,Forward,{}
Justin Williams,200818,Justin Williams,200818,,Forward-Center,{}
Justus Thigpen,78313,Justus Thigpen,78313,Pistons,Guard,{}
K.C. Jones,77188,K.C. Jones,77188,Celtics,Guard,{}
Kaniel Dickens,2079,Kaniel Dickens,2079,,Forward,{}
Kannard Johnson,77153,Kannard Johnson,77153,Cavaliers,Forward,{}
Kareem Abdul-Jabbar,76003,Kareem Abdul-Jabbar,76003,Lakers,Center,{}
Kareem Rush,2416,Kareem Rush,2416,,Guard,{}
Kasib Powell,2867,Kasib Powell,2867,Heat,Forward,{}
Kebu Stewart,1529,Kebu Stewart,1529,76ers,Forward,{}
Kedrick Brown,2208,Kedrick Brown,2208,,Guard-Forward,{}
Keith Askins,173,Keith Askins,173,Heat,Forward-Guard,{}
Keith Booth,1522,Keith Booth,1522,Bulls,Forward,{}
Keith Closs,1569,Keith Closs,1569,Clippers,Center,{}
Keith Edmonson,76638,Keith Edmonson,76638,Spurs,Guard,{}
Keith Erickson,76680,Keith Erickson,76680,Lakers,Forward,{}
Keith Herron,77010,Keith Herron,77010,Pistons,Guard,{}
Keith Jennings,24,Keith Jennings,24,Warriors,Guard,{}
Keith Langford,101247,Keith Langford,101247,,Guard,{}
Keith Lee,77361,Keith Lee,77361,Cavaliers,Forward,{}
Keith McCord,77515,Keith McCord,77515,Bullets,Guard,{}
Keith McLeod,2693,Keith McLeod,2693,Jazz,Guard,{}
Keith Owens,77785,Keith Owens,77785,Lakers,Forward,{}
Keith Smart,78175,Keith Smart,78175,Spurs,Guard,{}
Keith Smith,78192,Keith Smith,78192,Bucks,Guard,{}
Keith Starr,78243,Keith Starr,78243,Bulls,Guard,{}
Keith Tower,700,Keith Tower,700,,Center,{}
Keith Van Horn,1496,Keith Van Horn,1496,Nets,Forward,{}
Kelly McCarty,1820,Kelly McCarty,1820,Nuggets,Guard-Forward,{}
Kelly Tripucka,78369,Kelly Tripucka,78369,Pistons,Forward,{}
Kelvin Cato,1509,Kelvin Cato,1509,Rockets,Center,{}
Kelvin Ransey,77911,Kelvin Ransey,77911,Nets,Guard,{}
Kelvin Upshaw,78394,Kelvin Upshaw,78394,Mavericks,Guard,{}
Ken Austin,76074,Ken Austin,76074,Pistons,Forward,{}
Ken Bannister,76094,Ken Bannister,76094,Knicks,Forward,{}
Ken Boyd,76223,Ken Boyd,76223,Jazz,Forward,{}
Ken Charles,76383,Ken Charles,76383,Braves,Guard,{}
Ken Durrett,76622,Ken Durrett,76622,Kings,Forward,{}
Ken Green,76868,Ken Green,76868,Knicks,Forward,{}
Ken Johnson,77154,Ken Johnson,77154,Trail Blazers,Forward,{}
Ken Mayfield,77494,Ken Mayfield,77494,Knicks,Guard,{}
Ken Menke,77581,Ken Menke,77581,Hawks,Guard,{}
Ken Murray,77675,Ken Murray,77675,Pistons,Guard,{}
Ken Norman,80,Ken Norman,80,,Forward,{}
Ken Rohloff,78011,Ken Rohloff,78011,Hawks,Guard,{}
Ken Wilburn,78524,Ken Wilburn,78524,Bulls,Forward,{}
Kendall Gill,383,Kendall Gill,383,,Guard,{}
Kennard Winchester,78589,Kennard Winchester,78589,Rockets,Forward,{}
Kenny Anderson,72,Kenny Anderson,72,,Guard,{}
Kenny Battle,76123,Kenny Battle,76123,Suns,Guard,{}
Kenny Carr,76350,Kenny Carr,76350,Trail Blazers,Forward,{}
Kenny Dennard,76556,Kenny Dennard,76556,Kings,Forward,{}
Kenny Fields,76713,Kenny Fields,76713,Bucks,Forward,{}
Kenny Gattison,930,Kenny Gattison,930,Hornets,Forward,{}
Kenny Green,76869,Kenny Green,76869,76ers,Guard,{}
Kenny Higgs,77021,Kenny Higgs,77021,Nuggets,Guard,{}
Kenny McIntosh,77540,Kenny McIntosh,77540,SuperSonics,Forward,{}
Kenny Natt,77692,Kenny Natt,77692,Jazz,Guard,{}
Kenny Payne,77822,Kenny Payne,77822,76ers,Forward,{}
Kenny Rollins,78012,Kenny Rollins,78012,Stags,Guard,{}
Kenny Satterfield,2261,Kenny Satterfield,2261,Nuggets,Guard,{}
Kenny Smith,181,Kenny Smith,181,Rockets,Guard,{}
Kenny Thomas,1903,Kenny Thomas,1903,,Center-Forward,{}
Kenny Walker,78440,Kenny Walker,78440,Knicks,Forward,{}
Kenny Williams,78555,Kenny Williams,78555,Pacers,Forward,{}
Kent Benson,76154,Kent Benson,76154,Pistons,Center,{}
Keon Clark,1721,Keon Clark,1721,Nuggets,Center-Forward,{}
Kermit Washington,78467,Kermit Washington,78467,Lakers,Forward,{}
Kerry Kittles,954,Kerry Kittles,954,,Guard,{}
Kevin Brooks,76265,Kevin Brooks,76265,Nuggets,Forward,{}
Kevin Burleson,101207,Kevin Burleson,101207,Bobcats,Guard,{}
Kevin Duckworth,404,Kevin Duckworth,404,Trail Blazers,Center,{}
Kevin Edwards,236,Kevin Edwards,236,Heat,Guard,{}
Kevin Gamble,333,Kevin Gamble,333,,Forward,{}
Kevin Grevey,76887,Kevin Grevey,76887,Bullets,Guard,{}
Kevin Henderson,76994,Kevin Henderson,76994,Warriors,Guard,{}
Kevin Johnson,134,Kevin Johnson,134,Suns,Guard,{}
Kevin Kunnert,77323,Kevin Kunnert,77323,Rockets,Center,{}
Kevin Loder,77401,Kevin Loder,77401,Kings,Forward,{}
Kevin Loughery,77411,Kevin Loughery,77411,Bullets,Guard,{}
Kevin Lynch,77426,Kevin Lynch,77426,Hornets,Forward,{}
Kevin McHale,1450,Kevin McHale,1450,Celtics,Forward,{}
Kevin McKenna,77541,Kevin McKenna,77541,Nets,Forward,{}
Kevin O'Shea,77773,Kevin O'Shea,77773,Bullets,Guard,{}
Kevin Ollie,1563,Kevin Ollie,1563,76ers,Guard,{}
Kevin Pritchard,340,Kevin Pritchard,340,Warriors,Guard,{}
Kevin Restani,77944,Kevin Restani,77944,Bucks,Forward,{}
Kevin Salvadori,1089,Kevin Salvadori,1089,,Center,{}
Kevin Stacom,78237,Kevin Stacom,78237,Celtics,Guard,{}
Kevin Thompson,78329,Kevin Thompson,78329,Trail Blazers,Center,{}
Kevin Williams,78556,Kevin Williams,78556,SuperSonics,Guard,{}
Kevin Willis,788,Kevin Willis,788,Hawks,Center-Forward,{}
Kevinn Pinkney,200838,Kevinn Pinkney,200838,,Forward,{}
Khalid El-Amin,2064,Khalid El-Amin,2064,Bulls,Guard,{}
Khalid Reeves,234,Khalid Reeves,234,,Guard,{}
Kiki Vandeweghe,78404,Kiki Vandeweghe,78404,Nuggets,Forward,{}
Kim Anderson,76041,Kim Anderson,76041,Trail Blazers,Forward,{}
Kim Hughes,77078,Kim Hughes,77078,Nuggets,Center,{}
Kirk Haston,2213,Kirk Haston,2213,Hornets,Forward,{}
Kirk Penney,2632,Kirk Penney,2632,,Guard,{}
Kirk Snyder,2745,Kirk Snyder,2745,Hornets,Forward-Guard,{}
Kiwane Garris,1619,Kiwane Garris,1619,Nuggets,Guard,{}
Korleone Young,1748,Korleone Young,1748,,Forward,{}
Kosta Perovic,200785,Kosta Perovic,200785,Warriors,Center,{}
Kurk Lee,77362,Kurk Lee,77362,Nets,Guard,{}
Kurt Nimphius,77719,Kurt Nimphius,77719,Mavericks,Center,{}
Kurt Rambis,77905,Kurt Rambis,77905,Lakers,Forward,{}
Kyle Macy,77438,Kyle Macy,77438,Suns,Guard,{}
Kyle Weaver,201602,Kyle Weaver,201602,,Guard,{}
Lamar Green,600011,Lamar Green,600011,Suns,Forward,{}
Lamond Murray,441,Lamond Murray,441,Clippers,Forward,{}
Lamont Strothers,78273,Lamont Strothers,78273,Mavericks,Guard,{}
Lanard Copeland,76448,Lanard Copeland,76448,76ers,Forward,{}
Lancaster Gordon,76834,Lancaster Gordon,76834,Clippers,Guard,{}
Lance Allred,200984,Lance Allred,200984,Cavaliers,Center,{}
Lance Blanks,76183,Lance Blanks,76183,Pistons,Guard,{}
LaPhonso Ellis,111,LaPhonso Ellis,111,Nuggets,Forward,{}
Lari Ketner,1930,Lari Ketner,1930,,Forward,{}
Laron Profit,1919,Laron Profit,1919,,Guard-Forward,{}
Larry Bird,1449,Larry Bird,1449,Celtics,Forward,{}
Larry Cannon,76339,Larry Cannon,76339,76ers,Guard,{}
Larry Comley,76427,Larry Comley,76427,Bullets,Guard,{}
Larry Costello,76454,Larry Costello,76454,76ers,Guard,{}
Larry Demic,76553,Larry Demic,76553,Knicks,Forward,{}
Larry Drew,76599,Larry Drew,76599,Kings,Guard,{}
Larry Fogle,76728,Larry Fogle,76728,Knicks,Guard,{}
Larry Foust,76744,Larry Foust,76744,Pistons,Center,{}
Larry Friend,76758,Larry Friend,76758,Knicks,Guard,{}
Larry Hennessy,76998,Larry Hennessy,76998,Warriors,Guard,{}
Larry Johnson,77156,Larry Johnson,77156,Braves,Guard,{}
Larry Jones,77200,Larry Jones,77200,76ers,Guard,{}
Larry Kenon,77246,Larry Kenon,77246,Spurs,Forward,{}
Larry Krystkowiak,1474,Larry Krystkowiak,1474,,Forward,{}
Larry McNeill,77561,Larry McNeill,77561,Kings,Forward,{}
Larry Micheaux,77588,Larry Micheaux,77588,Rockets,Forward,{}
Larry Mikan,77591,Larry Mikan,77591,Cavaliers,Forward,{}
Larry Moffett,77621,Larry Moffett,77621,Rockets,Forward,{}
Larry Nance,77685,Larry Nance,77685,Suns,Forward,{}
Larry Robinson,1683,Larry Robinson,1683,Hawks,Guard,{}
Larry Siegfried,78147,Larry Siegfried,78147,Celtics,Guard,{}
Larry Smith,78195,Larry Smith,78195,Warriors,Forward,{}
Larry Spriggs,78233,Larry Spriggs,78233,Lakers,Forward,{}
Larry Staverman,78244,Larry Staverman,78244,Royals,Forward,{}
Larry Steele,78245,Larry Steele,78245,Trail Blazers,Guard,{}
Larry Stewart,1125,Larry Stewart,1125,Bullets,Forward,{}
Larry Sykes,1132,Larry Sykes,1132,Celtics,Forward,{}
Larry Wright,78623,Larry Wright,78623,Bullets,Guard,{}
Lars Hansen,76941,Lars Hansen,76941,SuperSonics,Center,{}
LaSalle Thompson,78,LaSalle Thompson,78,,Center,{}
Latrell Sprewell,84,Latrell Sprewell,84,Warriors,Guard,{}
Lavor Postell,2068,Lavor Postell,2068,Knicks,Guard-Forward,{}
Lawrence Boston,76212,Lawrence Boston,76212,Bullets,Forward,{}
Lawrence Funderburke,1444,Lawrence Funderburke,1444,Kings,Forward,{}
Lawrence Moten,734,Lawrence Moten,734,,Guard,{}
Lawrence Roberts,101160,Lawrence Roberts,101160,Grizzlies,Forward,{}
Lazaro Borrell,1953,Lazaro Borrell,1953,SuperSonics,Forward,{}
Ledell Eackles,289,Ledell Eackles,289,Wizards,Guard,{}
Lee Johnson,77158,Lee Johnson,77158,Rockets,Forward,{}
Lee Knorek,77291,Lee Knorek,77291,Knicks,Center,{}
Lee Mayberry,195,Lee Mayberry,195,,Guard,{}
Lee Nailon,1924,Lee Nailon,1924,,Forward,{}
Lee Shaffer,78121,Lee Shaffer,78121,76ers,Forward,{}
Lee Winfield,78592,Lee Winfield,78592,SuperSonics,Guard,{}
Len Chappell,76382,Len Chappell,76382,Knicks,Forward,{}
Len Elmore,600010,Len Elmore,600010,Nets,Center,{}
Len Kosmalski,77302,Len Kosmalski,77302,Kings,Center,{}
Lennie Rosenbluth,78018,Lennie Rosenbluth,78018,Warriors,Forward,{}
Lenny Wilkens,78530,Lenny Wilkens,78530,Hawks,Guard,{}
Leo Barnhorst,76110,Leo Barnhorst,76110,Olympians,Forward,{}
Leo Katkaveck,77226,Leo Katkaveck,77226,Capitols,Guard,{}
Leo Klier,77283,Leo Klier,77283,Pistons,Guard,{}
Leo Kubiak,77317,Leo Kubiak,77317,Hawks,Guard,{}
Leo Mogus,77622,Leo Mogus,77622,Warriors,Forward,{}
Leo Rautins,77916,Leo Rautins,77916,76ers,Forward,{}
Leon Benbow,76146,Leon Benbow,76146,Bulls,Guard,{}
Leon Blevins,76186,Leon Blevins,76186,Olympians,Guard,{}
Leon Douglas,76590,Leon Douglas,76590,Pistons,Center,{}
Leon Powe,200796,Leon Powe,200796,Celtics,Forward,{}
Leon Smith,1910,Leon Smith,1910,Hawks,Forward,{}
Leon Wood,78611,Leon Wood,78611,Nets,Guard,{}
Leonard Gray,76860,Leonard Gray,76860,SuperSonics,Forward,{}
Leonard Taylor,78301,Leonard Taylor,78301,Warriors,Forward,{}
LeRon Ellis,1034,LeRon Ellis,1034,Hornets,Center,{}
Leroy Chollet,76391,Leroy Chollet,76391,Nationals,Forward,{}
Leroy Combs,76425,Leroy Combs,76425,Pacers,Forward,{}
Leroy Ellis,76663,Leroy Ellis,76663,Lakers,Forward,{}
Les Hunter,77084,Les Hunter,77084,Bullets,Forward,{}
Les Jepsen,77129,Les Jepsen,77129,Kings,Guard,{}
Lester Conner,76431,Lester Conner,76431,Warriors,Guard,{}
Levi Fontaine,76731,Levi Fontaine,76731,Warriors,Guard,{}
Lew Hitch,77032,Lew Hitch,77032,Lakers,Forward,{}
Lewis Brown,76279,Lewis Brown,76279,Bullets,Center,{}
Lewis Lloyd,77395,Lewis Lloyd,77395,Rockets,Guard,{}
Lindsay Hairston,76917,Lindsay Hairston,76917,Pistons,Forward,{}
Lindsey Hunter,283,Lindsey Hunter,283,,Guard,{}
Linton Johnson,2669,Linton Johnson,2669,Hornets,Forward,{}
Linton Townes,78364,Linton Townes,78364,Trail Blazers,Forward,{}
Lionel Chalmers,2763,Lionel Chalmers,2763,Clippers,Guard,{}
Lionel Hollins,77043,Lionel Hollins,77043,Trail Blazers,Guard,{}
Lionel Simmons,1489,Lionel Simmons,1489,Kings,Forward,{}
Litterial Green,1036,Litterial Green,1036,,Guard,{}
Lloyd Daniels,1380,Lloyd Daniels,1380,,Guard,{}
Lloyd Neal,77696,Lloyd Neal,77696,Trail Blazers,Forward,{}
Lloyd Walton,78449,Lloyd Walton,78449,Bucks,Guard,{}
Lonnie Shelton,78133,Lonnie Shelton,78133,SuperSonics,Forward,{}
Lonny Baxter,2437,Lonny Baxter,2437,Bulls,Forward,{}
Loren Meyer,684,Loren Meyer,684,Mavericks,Center-Forward,{}
Loren Woods,2254,Loren Woods,2254,Timberwolves,Center,{}
Lorenzen Wright,953,Lorenzen Wright,953,Grizzlies,Forward-Center,{}
Lorenzo Charles,76384,Lorenzo Charles,76384,Hawks,Forward,{}
Lorenzo Romar,78015,Lorenzo Romar,78015,Warriors,Guard,{}
Lorenzo Williams,31,Lorenzo Williams,31,,Forward,{}
Lou Hudson,77074,Lou Hudson,77074,Hawks,Forward,{}
Lou Roe,691,Lou Roe,691,Pistons,Forward,{}
Lou Tsioropoulos,78371,Lou Tsioropoulos,78371,Celtics,Forward,{}
Louie Nelson,77701,Louie Nelson,77701,Jazz,Guard,{}
Louis Orr,77770,Louis Orr,77770,Knicks,Forward,{}
Lowes Moore,77635,Lowes Moore,77635,Nets,Guard,{}
Loy Petersen,77840,Loy Petersen,77840,Bulls,Guard,{}
Loy Vaught,919,Loy Vaught,919,Clippers,Forward-Center,{}
Luc Longley,26,Luc Longley,26,,Center,{}
Lucious Harris,446,Lucious Harris,446,,Guard,{}
Lucius Allen,76027,Lucius Allen,76027,Bucks,Guard,{}
Luis Flores,2784,Luis Flores,2784,Warriors,Guard,{}
Luke Jackson,2739,Luke Jackson,2739,,Forward-Guard,{}
Luke Witte,78603,Luke Witte,78603,Cavaliers,Center,{}
Luther Green,76872,Luther Green,76872,76ers,Forward,{}
Luther Head,101129,Luther Head,101129,,Guard,{}
Luther Wright,1007,Luther Wright,1007,Jazz,Center,{}
Lynn Greer,2696,Lynn Greer,2696,Bucks,Guard,{}
M.L. Carr,76351,M.L. Carr,76351,Celtics,Forward,{}
Mac Otten,77779,Mac Otten,77779,Bombers,Forward,{}
Maciej Lampe,2573,Maciej Lampe,2573,Suns,Forward,{}
Mack Calvin,76336,Mack Calvin,76336,Nuggets,Guard,{}
Mahmoud Abdul-Rauf,51,Mahmoud Abdul-Rauf,51,Nuggets,Guard,{}
Major Jones,77189,Major Jones,77189,Rockets,Forward,{}
Mal Graham,76843,Mal Graham,76843,Celtics,Guard,{}
Malcolm Mackey,1635,Malcolm Mackey,1635,Suns,Forward,{}
Malik Hairston,201612,Malik Hairston,201612,Spurs,Guard,{}
Malik Rose,990,Malik Rose,990,Spurs,Forward,{}
Malik Sealy,907,Malik Sealy,907,Clippers,Guard-Forward,{}
Manute Bol,76195,Manute Bol,76195,Bullets,Center,{}
Marc Iavaroni,77092,Marc Iavaroni,77092,Jazz,Forward,{}
Marc Jackson,1531,Marc Jackson,1531,76ers,Forward,{}
Marcus Brown,992,Marcus Brown,992,,,{}
Marcus Cousin,202408,Marcus Cousin,202408,Jazz,Forward,{}
Marcus Fizer,2033,Marcus Fizer,2033,,,{}
Marcus Haislip,2409,Marcus Haislip,2409,,Forward,{}
Marcus Landry,202068,Marcus Landry,202068,,Forward,{}
Marcus Liberty,77386,Marcus Liberty,77386,Nuggets,Forward,{}
Marcus Vinicius,200790,Marcus Vinicius,200790,,Forward,{}
Marcus Webb,78478,Marcus Webb,78478,Celtics,Forward,{}
Mardy Collins,200776,Mardy Collins,200776,Knicks,Guard,{}
Mario Bennett,712,Mario Bennett,712,Lakers,Center-Forward,{}
Mario Elie,53,Mario Elie,53,Rockets,Guard-Forward,{}
Mario Kasun,2435,Mario Kasun,2435,Magic,Center,{}
Mario West,201238,Mario West,201238,Hawks,Guard,{}
Mark Acres,76009,Mark Acres,76009,Magic,Center,{}
Mark Aguirre,76016,Mark Aguirre,76016,Mavericks,Forward,{}
Mark Alarie,76019,Mark Alarie,76019,Bullets,Forward,{}
Mark Blount,1548,Mark Blount,1548,Celtics,Center-Forward,{}
Mark Bradtke,1361,Mark Bradtke,1361,76ers,Center,{}
Mark Bryant,95,Mark Bryant,95,Trail Blazers,Forward,{}
Mark Crow,76481,Mark Crow,76481,Nets,Forward,{}
Mark Davis,76528,Mark Davis,76528,Bucks,Forward,{}
Mark Eaton,76631,Mark Eaton,76631,Jazz,Center,{}
Mark Hendrickson,971,Mark Hendrickson,971,,Forward,{}
Mark Jackson,349,Mark Jackson,349,Knicks,Guard,{}
Mark Jones,90000,Mark Jones,90000,,,{}
Mark Landsberger,77334,Mark Landsberger,77334,Lakers,Forward,{}
Mark Macon,1855,Mark Macon,1855,,Guard,{}
Mark Madsen,2058,Mark Madsen,2058,Timberwolves,Forward,{}
Mark McNamara,77558,Mark McNamara,77558,76ers,Center,{}
Mark Minor,77612,Mark Minor,77612,Celtics,Forward,{}
Mark Olberding,77756,Mark Olberding,77756,Spurs,Forward,{}
Mark Pope,998,Mark Pope,998,Bucks,Center-Forward,{}
Mark Price,899,Mark Price,899,Cavaliers,Guard,{}
Mark Radford,77896,Mark Radford,77896,SuperSonics,Guard,{}
Mark Randall,1821,Mark Randall,1821,Timberwolves,Forward,{}
Mark Sibley,78145,Mark Sibley,78145,Trail Blazers,Guard,{}
Mark Strickland,1110,Mark Strickland,1110,,Forward,{}
Mark Wade,78426,Mark Wade,78426,Warriors,Guard,{}
Mark West,770,Mark West,770,,Center,{}
Mark Workman,78616,Mark Workman,78616,Warriors,Center,{}
Marlon Garnett,1831,Marlon Garnett,1831,,Guard,{}
Marlon Maxey,77486,Marlon Maxey,77486,Timberwolves,Forward,{}
Marlon Redmond,77926,Marlon Redmond,77926,Kings,Guard,{}
Marques Bragg,66,Marques Bragg,66,Timberwolves,Forward,{}
Marques Johnson,77160,Marques Johnson,77160,Bucks,Forward,{}
Marshall Hawkins,76974,Marshall Hawkins,76974,Olympians,Forward,{}
Marshall Rogers,78008,Marshall Rogers,78008,Warriors,Guard,{}
Martin Lewis,729,Martin Lewis,729,Raptors,Forward,{}
Martin Nessley,77704,Martin Nessley,77704,Clippers,Forward,{}
Marty Byrnes,76321,Marty Byrnes,76321,Pacers,Forward,{}
Marty Conlon,55,Marty Conlon,55,,Center,{}
Marv Roberts,77978,Marv Roberts,77978,Lakers,Forward,{}
Marv Schatzman,78074,Marv Schatzman,78074,Bullets,Forward,{}
Marv Winkler,78597,Marv Winkler,78597,Bucks,Guard,{}
Marvin Barnes,76104,Marvin Barnes,76104,Clippers,Forward,{}
Marvin Webster,78481,Marvin Webster,78481,Knicks,Center,{}
Mateen Cleaves,2043,Mateen Cleaves,2043,,Guard,{}
Matt Bullard,672,Matt Bullard,672,Rockets,Forward,{}
Matt Fish,900,Matt Fish,900,,Center,{}
Matt Freije,2782,Matt Freije,2782,,Forward,{}
Matt Geiger,761,Matt Geiger,761,,Center,{}
Matt Guokas,76909,Matt Guokas,76909,Warriors,Guard,{}
Matt Harpring,1723,Matt Harpring,1723,Jazz,Forward,{}
Matt Maloney,1074,Matt Maloney,1074,,Guard,{}
Matt Mazza,77497,Matt Mazza,77497,Redskins,Forward,{}
Matt Othick,77777,Matt Othick,77777,Spurs,Guard,{}
Matt Steigenga,1099,Matt Steigenga,1099,,Forward,{}
Matt Walsh,101190,Matt Walsh,101190,,Guard-Forward,{}
Matt Wenstrom,78492,Matt Wenstrom,78492,Celtics,Center,{}
Maurice Baker,2486,Maurice Baker,2486,,Guard,{}
Maurice Carter,2466,Maurice Carter,2466,Hornets,Guard,{}
Maurice Cheeks,76385,Maurice Cheeks,76385,76ers,Guard,{}
Maurice Lucas,77420,Maurice Lucas,77420,Trail Blazers,Forward,{}
Maurice Stokes,600016,Maurice Stokes,600016,Royals,Forward,{}
Maurice Taylor,1508,Maurice Taylor,1508,,Forward-Center,{}
Max Morris,77646,Max Morris,77646,Redskins,Forward,{}
Max Zaslofsky,78638,Max Zaslofsky,78638,Stags,Guard,{}
Mel Bennett,76151,Mel Bennett,76151,Pacers,Forward,{}
Mel Counts,76458,Mel Counts,76458,Lakers,Center,{}
Mel Daniels,76502,Mel Daniels,76502,Nets,Center,{}
Mel Davis,76529,Mel Davis,76529,Knicks,Forward,{}
Mel Gibson,76809,Mel Gibson,76809,Lakers,Guard,{}
Mel Hutchins,77089,Mel Hutchins,77089,Pistons,Forward,{}
Mel McCants,77502,Mel McCants,77502,Lakers,Forward,{}
Mel Nowell,77737,Mel Nowell,77737,Zephyrs,Guard,{}
Mel Payton,77824,Mel Payton,77824,Olympians,Guard,{}
Mel Peterson,77842,Mel Peterson,77842,Bullets,Guard,{}
Melvin Booker,511,Melvin Booker,511,Warriors,Guard,{}
Melvin Newbern,1116,Melvin Newbern,1116,Pistons,Guard,{}
Melvin Sanders,2684,Melvin Sanders,2684,,Guard-Forward,{}
Mengke Bateer,2370,Mengke Bateer,2370,,Center,{}
Michael Adams,149,Michael Adams,149,Nuggets,Guard,{}
Michael Anderson,76042,Michael Anderson,76042,Spurs,Guard,{}
Michael Ansley,76050,Michael Ansley,76050,Magic,Forward,{}
Michael Bradley,2214,Michael Bradley,2214,Raptors,Forward,{}
Michael Brooks,76266,Michael Brooks,76266,Clippers,Forward,{}
Michael Cage,262,Michael Cage,262,,Center,{}
Michael Cooper,76444,Michael Cooper,76444,Lakers,Guard,{}
Michael Curry,688,Michael Curry,688,,Forward-Guard,{}
Michael Dickerson,1722,Michael Dickerson,1722,Grizzlies,Guard,{}
Michael Doleac,1720,Michael Doleac,1720,Magic,Center,{}
Michael Hawkins,1138,Michael Hawkins,1138,,Guard,{}
Michael Jackson,77104,Michael Jackson,77104,Kings,Guard,{}
Michael McDonald,1075,Michael McDonald,1075,,Center,{}
Michael Olowokandi,1709,Michael Olowokandi,1709,Clippers,Center,{}
Michael Ruffin,1913,Michael Ruffin,1913,Wizards,Forward-Center,{}
Michael Smith,78197,Michael Smith,78197,Celtics,Guard,{}
Michael Stewart,1565,Michael Stewart,1565,Raptors,Center,{}
Michael Wiley,78527,Michael Wiley,78527,Clippers,Forward,{}
Michael Young,78634,Michael Young,78634,Clippers,Guard,{}
Micheal Ray Richardson,77952,Micheal Ray Richardson,77952,Knicks,Guard,{}
Micheal Williams,52,Micheal Williams,52,,Guard,{}
Mickey Dillard,76569,Mickey Dillard,76569,Cavaliers,Guard,{}
Mickey Johnson,77168,Mickey Johnson,77168,Bulls,Forward,{}
Mike Bantom,76095,Mike Bantom,76095,Pacers,Forward,{}
Mike Barr,76112,Mike Barr,76112,Kings,Guard,{}
Mike Batiste,2471,Mike Batiste,2471,,,{}
Mike Bratz,76242,Mike Bratz,76242,Suns,Guard,{}
Mike Brittain,76260,Mike Brittain,76260,Spurs,Center,{}
Mike Brown,1479,Mike Brown,1479,Jazz,Center-Forward,{}
Mike Champion,76378,Mike Champion,76378,SuperSonics,Forward,{}
Mike D'Antoni,76505,Mike D'Antoni,76505,Kings,Guard,{}
Mike Davis,76531,Mike Davis,76531,Braves,Guard,{}
Mike Evans,76686,Mike Evans,76686,Nuggets,Guard,{}
Mike Farmer,76694,Mike Farmer,76694,Hawks,Forward,{}
Mike Flynn,76727,Mike Flynn,76727,Pacers,Guard,{}
Mike Gale,76771,Mike Gale,76771,Spurs,Guard,{}
Mike Gibson,76810,Mike Gibson,76810,Pistons,Forward,{}
Mike Glenn,76822,Mike Glenn,76822,Hawks,Guard,{}
Mike Gminski,76826,Mike Gminski,76826,Nets,Center,{}
Mike Green,76873,Mike Green,76873,Spurs,Center,{}
Mike Hall,200837,Mike Hall,200837,Wizards,Forward,{}
Mike Harper,76954,Mike Harper,76954,Trail Blazers,Center,{}
Mike Higgins,1848,Mike Higgins,1848,Kings,Forward,{}
Mike Iuzzolino,77098,Mike Iuzzolino,77098,Mavericks,Guard,{}
Mike Lynn,77427,Mike Lynn,77427,Lakers,Forward,{}
Mike Macaluso,77428,Mike Macaluso,77428,Braves,Forward,{}
Mike McCarron,77503,Mike McCarron,77503,Huskies,Guard,{}
Mike McGee,77530,Mike McGee,77530,Lakers,Forward,{}
Mike Mitchell,77615,Mike Mitchell,77615,Spurs,Forward,{}
Mike Morrison,77649,Mike Morrison,77649,Suns,Guard,{}
Mike Newlin,77710,Mike Newlin,77710,Rockets,Guard,{}
Mike Niles,77718,Mike Niles,77718,Suns,Forward,{}
Mike Novak,77736,Mike Novak,77736,Royals,Center,{}
Mike O'Koren,77754,Mike O'Koren,77754,Nets,Forward,{}
Mike Penberthy,2130,Mike Penberthy,2130,,,{}
Mike Peplowski,46,Mike Peplowski,46,Kings,Center,{}
Mike Price,77884,Mike Price,77884,Knicks,Guard,{}
Mike Ratliff,77915,Mike Ratliff,77915,Kings,Center,{}
Mike Riordan,77966,Mike Riordan,77966,Bullets,Forward,{}
Mike Sanders,78059,Mike Sanders,78059,Suns,Forward,{}
Mike Smith,2065,Mike Smith,2065,Wizards,Forward,{}
Mike Smrek,1091,Mike Smrek,1091,Lakers,Center,{}
Mike Sojourner,78217,Mike Sojourner,78217,Hawks,Center,{}
Mike Taylor,201446,Mike Taylor,201446,Clippers,Guard,{}
Mike Wilks,2366,Mike Wilks,2366,,Guard,{}
Mike Williams,78558,Mike Williams,78558,Kings,Guard,{}
Mike Woodson,78614,Mike Woodson,78614,Kings,Guard,{}
Mile Ilic,101148,Mile Ilic,101148,Nets,Center,{}
Miles Simon,1750,Miles Simon,1750,Magic,Guard,{}
Milo Komenich,77296,Milo Komenich,77296,Packers,Center,{}
Milt Palacio,1960,Milt Palacio,1960,Raptors,Guard,{}
Milt Schoon,78089,Milt Schoon,78089,Redskins,Center,{}
Milt Wagner,78429,Milt Wagner,78429,Lakers,Guard,{}
Milt Williams,78560,Milt Williams,78560,SuperSonics,Guard,{}
Mitch Kupchak,77324,Mitch Kupchak,77324,Bullets,Forward,{}
Mitch Richmond,782,Mitch Richmond,782,Kings,Guard,{}
Mitchell Butler,348,Mitchell Butler,348,Wizards,Guard,{}
Mitchell Wiggins,78523,Mitchell Wiggins,78523,Rockets,Guard,{}
Moe Radovich,77900,Moe Radovich,77900,Warriors,Guard,{}
Monte Towe,78361,Monte Towe,78361,Nuggets,Guard,{}
Monti Davis,76520,Monti Davis,76520,Mavericks,Forward,{}
Monty Williams,42,Monty Williams,42,Magic,Forward,{}
Moochie Norris,983,Moochie Norris,983,Rockets,Guard,{}
Mookie Blaylock,302,Mookie Blaylock,302,,Guard,{}
Morlon Wiley,78528,Morlon Wiley,78528,Mavericks,Guard,{}
Morris Peterson,2050,Morris Peterson,2050,,Guard,{}
Moses Malone,77449,Moses Malone,77449,Rockets,Center,{}
Mouhamed Sene,200754,Mouhamed Sene,200754,Thunder,Center,{}
Muggsy Bogues,177,Muggsy Bogues,177,,Guard,{}
Murray Mitchell,77616,Murray Mitchell,77616,Packers,Center,{}
Murray Wier,78521,Murray Wier,78521,Blackhawks,Guard,{}
Mychal Thompson,78331,Mychal Thompson,78331,Trail Blazers,Center,{}
Myron Brown,76277,Myron Brown,76277,Timberwolves,Forward,{}
Myron Jackson,77105,Myron Jackson,77105,Mavericks,Guard,{}
Nat Clifton,76404,Nat Clifton,76404,Knicks,Center,{}
Nate Blackwell,76179,Nate Blackwell,76179,Spurs,Guard,{}
Nate Bowman,76219,Nate Bowman,76219,Knicks,Center,{}
Nate DeLong,76551,Nate DeLong,76551,Hawks,Center,{}
Nate Driggers,1041,Nate Driggers,1041,Celtics,Guard-Forward,{}
Nate Huffman,1572,Nate Huffman,1572,Raptors,Center,{}
Nate Johnston,77170,Nate Johnston,77170,Trail Blazers,Center,{}
Nate McMillan,203,Nate McMillan,203,SuperSonics,Guard-Forward,{}
Nate Thurmond,600001,Nate Thurmond,600001,Warriors,Center,{}
Nate Williams,1631466,Nate Williams,1631466,Rockets,Guard,{}
Nathan Jawai,201605,Nathan Jawai,201605,Timberwolves,Forward,{}
Ndudi Ebi,2569,Ndudi Ebi,2569,Timberwolves,Forward,{}
Neal Walk,78432,Neal Walk,78432,Suns,Center,{}
Neil Johnson,77161,Neil Johnson,77161,Suns,Forward,{}
Neil Johnston,77169,Neil Johnston,77169,Warriors,Center,{}
Nelson Bobb,76190,Nelson Bobb,76190,Warriors,Guard,{}
Nenad Krstic,2420,Nenad Krstic,2420,Nets,Center,{}
Nick Anderson,98,Nick Anderson,98,Magic,Forward-Guard,{}
Nick Fazekas,201174,Nick Fazekas,201174,Clippers,Forward,{}
Nick Jones,77195,Nick Jones,77195,Warriors,Guard,{}
Nick Mantis,77457,Nick Mantis,77457,Zephyrs,Guard,{}
Nick Van Exel,89,Nick Van Exel,89,Lakers,Guard,{}
Nick Vanos,78407,Nick Vanos,78407,Suns,Center,{}
Nick Weatherspoon,78475,Nick Weatherspoon,78475,Bullets,Forward,{}
Nikita Wilson,78582,Nikita Wilson,78582,Trail Blazers,Forward,{}
Nikoloz Tskitishvili,2401,Nikoloz Tskitishvili,2401,Nuggets,Forward,{}
Noble Jorgensen,77212,Noble Jorgensen,77212,Nationals,Center,{}
Noel Felix,101230,Noel Felix,101230,SuperSonics,Forward,{}
Norm Cook,76437,Norm Cook,76437,Celtics,Forward,{}
Norm Grekin,76886,Norm Grekin,76886,Warriors,Forward,{}
Norm Mager,77441,Norm Mager,77441,Bullets,Forward,{}
Norm Nixon,77721,Norm Nixon,77721,Lakers,Guard,{}
Norm Stewart,78256,Norm Stewart,78256,Hawks,Forward,{}
Norm Swanson,78284,Norm Swanson,78284,Royals,Forward,{}
Norm Van Lier,78406,Norm Van Lier,78406,Bulls,Guard,{}
Norman Black,76174,Norman Black,76174,Pistons,Guard,{}
Norris Coleman,76415,Norris Coleman,76415,Clippers,Forward,{}
Norton Barnhill,76109,Norton Barnhill,76109,SuperSonics,Guard,{}
Obinna Ekezie,1918,Obinna Ekezie,1918,,Center,{}
Odis Allison,76029,Odis Allison,76029,Warriors,Forward,{}
Olden Polynice,178,Olden Polynice,178,,Center-Forward,{}
Oleksiy Pecherov,200762,Oleksiy Pecherov,200762,Wizards,Forward-Center,{}
Oliver Lafayette,201802,Oliver Lafayette,201802,Celtics,Guard,{}
Oliver Miller,932,Oliver Miller,932,Suns,Center,{}
Oliver Robinson,77994,Oliver Robinson,77994,Spurs,Guard,{}
Ollie Johnson,77162,Ollie Johnson,77162,Kings,Forward,{}
Ollie Mack,77432,Ollie Mack,77432,Mavericks,Guard,{}
Olumide Oyedeji,2071,Olumide Oyedeji,2071,,,{}
Omar Cook,2241,Omar Cook,2241,Trail Blazers,Guard,{}
Orien Greene,101158,Orien Greene,101158,,Guard,{}
Orlando Graham,76841,Orlando Graham,76841,Warriors,Forward,{}
Orlando Woolridge,78615,Orlando Woolridge,78615,Bulls,Forward,{}
Oscar Robertson,600015,Oscar Robertson,600015,Royals,Guard,{}
Othell Wilson,78578,Othell Wilson,78578,Warriors,Guard,{}
Othella Harrington,970,Othella Harrington,970,Knicks,Forward-Center,{}
Othello Hunter,201629,Othello Hunter,201629,,,{}
Otis Birdsong,76170,Otis Birdsong,76170,Nets,Guard,{}
Otis Howard,77069,Otis Howard,77069,Pistons,Forward,{}
Otis Smith,78198,Otis Smith,78198,Magic,Forward,{}
Otis Thorpe,901,Otis Thorpe,901,Rockets,Center-Forward,{}
Otto Moore,77636,Otto Moore,77636,Pistons,Center,{}
Owen Wells,78488,Owen Wells,78488,Rockets,Forward,{}
Ozell Jones,77191,Ozell Jones,77191,Spurs,Center,{}
P.J. Brown,136,P.J. Brown,136,Hornets,Forward-Center,{}
Pace Mannion,77456,Pace Mannion,77456,Jazz,Guard,{}
Pape Sow,2776,Pape Sow,2776,Raptors,Forward,{}
Pape Sy,202377,Pape Sy,202377,Hawks,Forward-Guard,{}
Pat Burke,2469,Pat Burke,2469,Suns,Center-Forward,{}
Pat Cummings,76483,Pat Cummings,76483,Bucks,Center,{}
Pat Dunn,76617,Pat Dunn,76617,Warriors,Guard,{}
Pat Durham,1090,Pat Durham,1090,Timberwolves,Forward,{}
Pat Frink,76759,Pat Frink,76759,Royals,Guard,{}
Pat Garrity,1727,Pat Garrity,1727,Magic,Forward,{}
Pat Riley,77962,Pat Riley,77962,Lakers,Guard,{}
Patrick Eddie,76635,Patrick Eddie,76635,Knicks,Center,{}
Patrick O'Bryant,200753,Patrick O'Bryant,200753,Warriors,Center,{}
Paul Arizin,76056,Paul Arizin,76056,Warriors,Forward,{}
Paul Cloyd,76407,Paul Cloyd,76407,Hawks,Guard,{}
Paul Davis,200781,Paul Davis,200781,,Center,{}
Paul Dawkins,76541,Paul Dawkins,76541,Jazz,Forward,{}
Paul Gordon,76835,Paul Gordon,76835,Bullets,Forward,{}
Paul Graham,76842,Paul Graham,76842,Hawks,Guard,{}
Paul Grant,1514,Paul Grant,1514,,Center,{}
Paul Griffin,76889,Paul Griffin,76889,Spurs,Forward,{}
Paul Hogue,77038,Paul Hogue,77038,Knicks,Center,{}
Paul Long,77406,Paul Long,77406,Pistons,Guard,{}
Paul McCracken,77517,Paul McCracken,77517,Rockets,Guard,{}
Paul McPherson,2101,Paul McPherson,2101,Suns,Guard,{}
Paul Mokeski,77623,Paul Mokeski,77623,Bucks,Center,{}
Paul Neumann,77706,Paul Neumann,77706,76ers,Guard,{}
Paul Nolen,77725,Paul Nolen,77725,Bullets,Center,{}
Paul Pressey,77879,Paul Pressey,77879,Bucks,Guard,{}
Paul Ruffner,78039,Paul Ruffner,78039,Braves,Center,{}
Paul Seymour,78117,Paul Seymour,78117,Nationals,Guard,{}
Paul Shirley,2321,Paul Shirley,2321,Suns,Forward,{}
Paul Silas,78151,Paul Silas,78151,Hawks,Forward,{}
Paul Stovall,78267,Paul Stovall,78267,Suns,Forward,{}
Paul Thompson,78332,Paul Thompson,78332,Cavaliers,Guard,{}
Paul Walther,78447,Paul Walther,78447,Olympians,Guard,{}
Paul Westphal,78500,Paul Westphal,78500,Suns,Guard,{}
Pavel Podkolzin,2750,Pavel Podkolzin,2750,,Center,{}
Perry Moss,77654,Perry Moss,77654,Warriors,Guard,{}
Perry Warbington,78454,Perry Warbington,78454,76ers,Guard,{}
Perry Young,78635,Perry Young,78635,Bulls,Guard,{}
Pervis Ellison,442,Pervis Ellison,442,,Center,{}
Pete Brennan,76245,Pete Brennan,76245,Knicks,Forward,{}
Pete Chilcutt,432,Pete Chilcutt,432,Grizzlies,Forward,{}
Pete Cross,76477,Pete Cross,76477,SuperSonics,Center,{}
Pete Maravich,77459,Pete Maravich,77459,Jazz,Guard,{}
Pete Myers,939,Pete Myers,939,,Guard,{}
Pete Williams,78566,Pete Williams,78566,Nuggets,Forward,{}
Peter Thibeaux,78311,Peter Thibeaux,78311,Warriors,Forward,{}
Phil Bond,76198,Phil Bond,76198,Rockets,Guard,{}
Phil Chenier,76386,Phil Chenier,76386,Bullets,Guard,{}
Phil Ford,76736,Phil Ford,76736,Kings,Guard,{}
Phil Hankinson,76936,Phil Hankinson,76936,Celtics,Forward,{}
Phil Hicks,77017,Phil Hicks,77017,Bulls,Forward,{}
Phil Hubbard,77071,Phil Hubbard,77071,Cavaliers,Forward,{}
Phil Jackson,77106,Phil Jackson,77106,Knicks,Forward,{}
Phil Jordon,77210,Phil Jordon,77210,Royals,Center,{}
Phil Lumpkin,77424,Phil Lumpkin,77424,Trail Blazers,Guard,{}
Phil Martin,77477,Phil Martin,77477,Hawks,Guard,{}
Phil Rollins,78013,Phil Rollins,78013,Royals,Guard,{}
Phil Sellers,78111,Phil Sellers,78111,Pistons,Forward,{}
Phil Smith,78199,Phil Smith,78199,Warriors,Guard,{}
Phil Walker,78441,Phil Walker,78441,Bullets,Guard,{}
Phil Zevenbergen,78644,Phil Zevenbergen,78644,Spurs,Forward,{}
Plummer Lott,77410,Plummer Lott,77410,SuperSonics,Forward,{}
Pooh Richardson,71,Pooh Richardson,71,,Guard,{}
Popeye Jones,461,Popeye Jones,461,Mavericks,Forward,{}
Pops Mensah-Bonsu,200822,Pops Mensah-Bonsu,200822,,Forward,{}
Porter Meriwether,77583,Porter Meriwether,77583,Nationals,Guard,{}
Predrag Drobnjak,1542,Predrag Drobnjak,1542,SuperSonics,Center,{}
Predrag Savovic,2453,Predrag Savovic,2453,Nuggets,Guard,{}
Price Brookfield,76264,Price Brookfield,76264,Jets,Forward,{}
Priest Lauderdale,968,Priest Lauderdale,968,Nuggets,Center,{}
Purvis Short,78139,Purvis Short,78139,Warriors,Forward,{}
Quincy Douby,200763,Quincy Douby,200763,Kings,Guard,{}
Quincy Lewis,1900,Quincy Lewis,1900,,Guard-Forward,{}
Quinn Buckner,76296,Quinn Buckner,76296,Bucks,Guard,{}
Quintin Dailey,76497,Quintin Dailey,76497,Bulls,Guard,{}
Quinton Ross,2624,Quinton Ross,2624,,Forward-Guard,{}
Qyntel Woods,2417,Qyntel Woods,2417,Trail Blazers,Forward-Guard,{}
Radisav Curcic,76488,Radisav Curcic,76488,Mavericks,Center,{}
Raef LaFrentz,1711,Raef LaFrentz,1711,Nuggets,Center-Forward,{}
Rafael Addison,912,Rafael Addison,912,Nets,Forward,{}
Ralph Beard,76131,Ralph Beard,76131,Olympians,Guard,{}
Ralph Davis,76532,Ralph Davis,76532,Packers,Guard,{}
Ralph Drollinger,76604,Ralph Drollinger,76604,Mavericks,Center,{}
Ralph Jackson,77107,Ralph Jackson,77107,Pacers,Guard,{}
Ralph Lewis,77383,Ralph Lewis,77383,Pistons,Guard,{}
Ralph Ogden,77748,Ralph Ogden,77748,Warriors,Forward,{}
Ralph Polson,77868,Ralph Polson,77868,Warriors,Forward,{}
Ralph Sampson,78055,Ralph Sampson,78055,Rockets,Center,{}
Ralph Simpson,78157,Ralph Simpson,78157,Pistons,Guard,{}
Ralph Wells,78489,Ralph Wells,78489,Zephyrs,Guard,{}
Randolph Childress,719,Randolph Childress,719,,Guard,{}
Randolph Keys,705,Randolph Keys,705,Cavaliers,Forward,{}
Randolph Morris,201043,Randolph Morris,201043,Hawks,Center,{}
Randy Allen,76025,Randy Allen,76025,Kings,Forward,{}
Randy Breuer,76247,Randy Breuer,76247,Bucks,Center,{}
Randy Brown,753,Randy Brown,753,Bulls,Guard,{}
Randy Denton,76558,Randy Denton,76558,Hawks,Center,{}
Randy Smith,78200,Randy Smith,78200,Clippers,Guard,{}
Randy White,1839,Randy White,1839,Mavericks,Forward,{}
Randy Wittman,1456,Randy Wittman,1456,Hawks,Guard,{}
Randy Woods,1010,Randy Woods,1010,Clippers,Guard,{}
Rasho Nesterovic,1725,Rasho Nesterovic,1725,Timberwolves,Center,{}
Rastko Cvetkovic,687,Rastko Cvetkovic,687,Nuggets,Center,{}
Ratko Varda,2237,Ratko Varda,2237,Pistons,Center,{}
Rawle Marshall,101185,Rawle Marshall,101185,Pacers,Guard-Forward,{}
Ray Blume,76189,Ray Blume,76189,Bulls,Guard,{}
Ray Corley,76452,Ray Corley,76452,Nationals,Guard,{}
Ray Ellefson,76655,Ray Ellefson,76655,Knicks,Center,{}
Ray Epps,76678,Ray Epps,76678,Warriors,Forward,{}
Ray Felix,76704,Ray Felix,76704,Knicks,Center,{}
Ray Lumpp,77425,Ray Lumpp,77425,Knicks,Guard,{}
Ray Radziszewski,77901,Ray Radziszewski,77901,Warriors,Forward,{}
Ray Ragelis,77902,Ray Ragelis,77902,Royals,Forward,{}
Ray Scott,78100,Ray Scott,78100,Pistons,Forward,{}
Ray Tolbert,78348,Ray Tolbert,78348,SuperSonics,Forward,{}
Ray Williams,78571,Ray Williams,78571,Knicks,Guard,{}
Raymond Brown,76282,Raymond Brown,76282,Jazz,Forward,{}
Raymond Townsend,78365,Raymond Townsend,78365,Warriors,Guard,{}
Red Holzman,77050,Red Holzman,77050,Royals,Guard,{}
Red Rocha,77999,Red Rocha,77999,Nationals,Center,{}
Reece Gaines,2558,Reece Gaines,2558,,Guard,{}
Reggie Carter,76360,Reggie Carter,76360,Knicks,Guard,{}
Reggie Geary,1002,Reggie Geary,1002,Spurs,Guard,{}
Reggie Harding,76945,Reggie Harding,76945,Pistons,Center,{}
Reggie Johnson,77163,Reggie Johnson,77163,Spurs,Forward,{}
Reggie Jordan,674,Reggie Jordan,674,,Guard,{}
Reggie King,77273,Reggie King,77273,Kings,Forward,{}
Reggie Lewis,77384,Reggie Lewis,77384,Celtics,Guard,{}
Reggie Miller,397,Reggie Miller,397,Pacers,Guard,{}
Reggie Slater,1073,Reggie Slater,1073,Raptors,Forward,{}
Reggie Smith,78201,Reggie Smith,78201,Trail Blazers,Forward,{}
Reggie Theus,78310,Reggie Theus,78310,Bulls,Guard,{}
Renaldo Major,200970,Renaldo Major,200970,,Forward,{}
Rex Chapman,364,Rex Chapman,364,,Guard,{}
Rex Morgan,77641,Rex Morgan,77641,Celtics,Guard,{}
Rex Walters,777,Rex Walters,777,,Guard,{}
Rich Johnson,77164,Rich Johnson,77164,Celtics,Center,{}
Rich Jones,77192,Rich Jones,77192,Nets,Forward,{}
Rich Kelley,77235,Rich Kelley,77235,Jazz,Center,{}
Rich King,1101,Rich King,1101,SuperSonics,Center,{}
Rich Laurel,77344,Rich Laurel,77344,Bucks,Guard,{}
Rich Niemann,77716,Rich Niemann,77716,Bucks,Center,{}
Rich Rinaldi,77965,Rich Rinaldi,77965,Bullets,Guard,{}
Rich Yonakor,78632,Rich Yonakor,78632,Spurs,Forward,{}
Richard Anderson,76045,Richard Anderson,76045,Trail Blazers,Forward,{}
Richard Coffey,76410,Richard Coffey,76410,Timberwolves,Guard,{}
Richard Dumas,30,Richard Dumas,30,Suns,Forward,{}
Richard Morton,77652,Richard Morton,77652,Pacers,Forward,{}
Richard Rellford,77939,Richard Rellford,77939,Spurs,Forward,{}
Richard Washington,78468,Richard Washington,78468,Kings,Forward,{}
Richie Frahm,2499,Richie Frahm,2499,,Guard,{}
Richie Guerin,76902,Richie Guerin,76902,Knicks,Guard,{}
Richie Regan,77932,Richie Regan,77932,Royals,Guard,{}
Rick Adelman,76015,Rick Adelman,76015,Trail Blazers,Guard,{}
Rick Barry,600013,Rick Barry,600013,Warriors,Forward,{}
Rick Brunson,1594,Rick Brunson,1594,Trail Blazers,Guard,{}
Rick Carlisle,76342,Rick Carlisle,76342,Celtics,Guard,{}
Rick Fox,296,Rick Fox,296,Lakers,Forward,{}
Rick Hughes,1965,Rick Hughes,1965,,Forward,{}
Rick Mahorn,328,Rick Mahorn,328,Bullets,Forward,{}
Rick Roberson,77973,Rick Roberson,77973,Lakers,Center,{}
Rick Robey,77984,Rick Robey,77984,Celtics,Center,{}
Rick Weitzman,78486,Rick Weitzman,78486,Celtics,Guard,{}
Rick Wilson,78583,Rick Wilson,78583,Hawks,Guard,{}
Rickey Brown,76283,Rickey Brown,76283,Warriors,Center,{}
Rickey Green,76874,Rickey Green,76874,Jazz,Guard,{}
Rickey Williams,78563,Rickey Williams,78563,Jazz,Guard,{}
Rickie Winslow,1984,Rickie Winslow,1984,Bucks,Forward,{}
Ricky Berry,76157,Ricky Berry,76157,Kings,Forward,{}
Ricky Blanton,76184,Ricky Blanton,76184,Bulls,Forward,{}
Ricky Davis,1729,Ricky Davis,1729,,Guard,{}
Ricky Grace,76839,Ricky Grace,76839,Hawks,Guard,{}
Ricky Pierce,894,Ricky Pierce,894,Bucks,Guard,{}
Ricky Sobers,78215,Ricky Sobers,78215,Bulls,Guard,{}
Ricky Wilson,78584,Ricky Wilson,78584,Spurs,Guard,{}
Rik Smits,22,Rik Smits,22,Pacers,Center,{}
Rob Kurz,201633,Rob Kurz,201633,Warriors,Forward,{}
Rob Williams,78565,Rob Williams,78565,Nuggets,Guard,{}
Robert Archibald,2425,Robert Archibald,2425,Raptors,Forward,{}
Robert Churchwell,928,Robert Churchwell,928,Warriors,Forward,{}
Robert Hite,200823,Robert Hite,200823,,Guard,{}
Robert Horry,109,Robert Horry,109,Lakers,Forward-Center,{}
Robert Pack,123,Robert Pack,123,,Guard,{}
Robert Parish,305,Robert Parish,305,Celtics,Center,{}
Robert Reid,77936,Robert Reid,77936,Rockets,Forward,{}
Robert Smith,78204,Robert Smith,78204,Nuggets,Guard,{}
Robert Swift,2741,Robert Swift,2741,Thunder,Center,{}
Robert Traylor,1714,Robert Traylor,1714,Cavaliers,Forward-Center,{}
Robert Werdann,438,Robert Werdann,438,Nuggets,Center,{}
Robert Whaley,101156,Robert Whaley,101156,,Center,{}
Robin Jones,77194,Robin Jones,77194,Trail Blazers,Center,{}
Rock Lee,77363,Rock Lee,77363,Clippers,Center,{}
Rod Derline,76559,Rod Derline,76559,SuperSonics,Guard,{}
Rod Foster,76742,Rod Foster,76742,Suns,Guard,{}
Rod Freeman,76756,Rod Freeman,76756,76ers,Forward,{}
Rod Higgins,77019,Rod Higgins,77019,Warriors,Forward,{}
Rod Knowles,77293,Rod Knowles,77293,Suns,Center,{}
Rod Strickland,393,Rod Strickland,393,,Guard,{}
Rod Thorn,78335,Rod Thorn,78335,SuperSonics,Guard,{}
Rodney Buford,1934,Rodney Buford,1934,Nets,Forward-Guard,{}
Rodney McCray,1622,Rodney McCray,1622,Rockets,Forward,{}
Rodney Monroe,77628,Rodney Monroe,77628,Hawks,Guard,{}
Rodney Rogers,915,Rodney Rogers,915,Clippers,Forward,{}
Rodney White,2206,Rodney White,2206,Nuggets,Forward,{}
Rodrick Rhodes,1518,Rodrick Rhodes,1518,,Guard,{}
Roger Brown,76286,Roger Brown,76286,Pistons,Center,{}
Roger Burkman,76304,Roger Burkman,76304,Bulls,Guard,{}
Roger Phegley,77848,Roger Phegley,77848,Spurs,Guard,{}
Roger Powell,101232,Roger Powell,101232,,Forward,{}
Roger Strickland,78270,Roger Strickland,78270,Bullets,Forward,{}
Roland West,78499,Roland West,78499,Bullets,Guard,{}
Rolando Blackman,76176,Rolando Blackman,76176,Mavericks,Guard,{}
Rolando Ferreira,76709,Rolando Ferreira,76709,Trail Blazers,Forward,{}
Rollen Hans,76939,Rollen Hans,76939,Bullets,Guard,{}
Rollie Seltz,78112,Rollie Seltz,78112,Packers,Guard,{}
Ron Anderson,76046,Ron Anderson,76046,76ers,Forward,{}
Ron Behagen,76140,Ron Behagen,76140,Kings,Forward,{}
Ron Bonham,76201,Ron Bonham,76201,Celtics,Forward,{}
Ron Boone,76204,Ron Boone,76204,Kings,Guard,{}
Ron Brewer,76249,Ron Brewer,76249,Trail Blazers,Guard,{}
Ron Carter,76361,Ron Carter,76361,Lakers,Guard,{}
Ron Cavenall,76370,Ron Cavenall,76370,Knicks,Center,{}
Ron Davis,76534,Ron Davis,76534,Clippers,Guard,{}
Ron Feiereisel,76701,Ron Feiereisel,76701,Lakers,Guard,{}
Ron Filipek,76714,Ron Filipek,76714,76ers,Forward,{}
Ron Harper,166,Ron Harper,166,Bulls,Guard,{}
Ron Horn,77058,Ron Horn,77058,Lakers,Forward,{}
Ron Johnson,77165,Ron Johnson,77165,Lakers,Forward,{}
Ron Knight,77288,Ron Knight,77288,Trail Blazers,Forward,{}
Ron Lee,77364,Ron Lee,77364,Suns,Guard,{}
Ron Livingstone,77392,Ron Livingstone,77392,Warriors,Center,{}
Ron Mercer,1500,Ron Mercer,1500,,Guard-Forward,{}
Ron Moore,77637,Ron Moore,77637,Pistons,Center,{}
Ron Reed,77928,Ron Reed,77928,Pistons,Forward,{}
Ron Riley,77964,Ron Riley,77964,Rockets,Forward,{}
Ron Rowan,78027,Ron Rowan,78027,Trail Blazers,Forward,{}
Ron Shavlik,78128,Ron Shavlik,78128,Knicks,Forward,{}
Ron Sobie,78216,Ron Sobie,78216,Knicks,Guard,{}
Ron Watts,78474,Ron Watts,78474,Celtics,Forward,{}
Ron Williams,78567,Ron Williams,78567,Warriors,Guard,{}
Ronald Dupree,2648,Ronald Dupree,2648,,Forward,{}
Ronnie Lester,77373,Ronnie Lester,77373,Bulls,Guard,{}
Ronnie MacGilvray,77430,Ronnie MacGilvray,77430,Hawks,Guard,{}
Ronnie Murphy,77673,Ronnie Murphy,77673,Trail Blazers,Forward,{}
Rony Seikaly,938,Rony Seikaly,938,Heat,Center,{}
Rory Sparrow,600009,Rory Sparrow,600009,Knicks,Guard,{}
Rory White,78512,Rory White,78512,Clippers,Forward,{}
Roshown McLeod,1728,Roshown McLeod,1728,,Forward,{}
Rowland Garrett,76789,Rowland Garrett,76789,Bulls,Forward,{}
Roy Hinson,77030,Roy Hinson,77030,Cavaliers,Center,{}
Roy Marble,77460,Roy Marble,77460,Hawks,Guard,{}
Roy Rogers,964,Roy Rogers,964,,Forward,{}
Roy Tarpley,78293,Roy Tarpley,78293,Mavericks,Forward,{}
Ruben Boumtje-Boumtje,2257,Ruben Boumtje-Boumtje,2257,Trail Blazers,Center,{}
Ruben Nembhard,1129,Ruben Nembhard,1129,,Guard,{}
Ruben Patterson,1739,Ruben Patterson,1739,,Forward,{}
Rudy Hackett,76910,Rudy Hackett,76910,Pacers,Forward,{}
Rudy LaRusso,77340,Rudy LaRusso,77340,Lakers,Forward,{}
Rudy Macklin,77435,Rudy Macklin,77435,Hawks,Forward,{}
Rudy Tomjanovich,78350,Rudy Tomjanovich,78350,Rockets,Forward,{}
Rudy White,78513,Rudy White,78513,Rockets,Guard,{}
Rumeal Robinson,716,Rumeal Robinson,716,Hawks,Guard,{}
Russ Schoene,78087,Russ Schoene,78087,SuperSonics,Forward,{}
Russell Cross,76478,Russell Cross,76478,Warriors,Center,{}
Rusty LaRue,1601,Rusty LaRue,1601,,Guard,{}
Ryan Bowen,1763,Ryan Bowen,1763,,Forward,{}
Ryan Humphrey,2415,Ryan Humphrey,2415,,Forward,{}
Ryan Lorthridge,943,Ryan Lorthridge,943,Warriors,Guard,{}
Ryan Robertson,1926,Ryan Robertson,1926,,Guard,{}
Ryan Stack,1756,Ryan Stack,1756,,Forward,{}
Salim Stoudamire,101136,Salim Stoudamire,101136,Hawks,Guard,{}
Sam Bowie,76217,Sam Bowie,76217,Nets,Center,{}
Sam Cassell,208,Sam Cassell,208,Bucks,Guard,{}
Sam Jacobson,1734,Sam Jacobson,1734,,Guard,{}
Sam Jones,77196,Sam Jones,77196,Celtics,Guard,{}
Sam Lacey,77326,Sam Lacey,77326,Kings,Center,{}
Sam Mack,694,Sam Mack,694,,Guard,{}
Sam Mitchell,417,Sam Mitchell,417,Timberwolves,Forward,{}
Sam Pellom,77829,Sam Pellom,77829,Hawks,Forward,{}
Sam Perkins,64,Sam Perkins,64,Mavericks,Center-Forward,{}
Sam Sibert,78144,Sam Sibert,78144,Kings,Forward,{}
Sam Stith,78259,Sam Stith,78259,Knicks,Guard,{}
Sam Vincent,78417,Sam Vincent,78417,Magic,Guard,{}
Sam Williams,78568,Sam Williams,78568,Bucks,Guard,{}
Sam Worthen,78618,Sam Worthen,78618,Bulls,Guard,{}
Samaki Walker,955,Samaki Walker,955,,Forward,{}
Sasha Danilovic,390,Sasha Danilovic,390,Heat,Guard,{}
Scooter McCray,77518,Scooter McCray,77518,SuperSonics,Forward,{}
Scot Pollard,1513,Scot Pollard,1513,Kings,Center-Forward,{}
Scott Brooks,418,Scott Brooks,418,Rockets,Guard,{}
Scott Burrell,197,Scott Burrell,197,Hornets,Guard,{}
Scott English,76675,Scott English,76675,Suns,Forward,{}
Scott Haffner,76911,Scott Haffner,76911,Heat,Guard,{}
Scott Haskin,321,Scott Haskin,321,Pacers,Forward,{}
Scott Hastings,76968,Scott Hastings,76968,Hawks,Forward,{}
Scott Lloyd,77396,Scott Lloyd,77396,Mavericks,Center,{}
Scott May,77490,Scott May,77490,Bulls,Forward,{}
Scott Meents,77571,Scott Meents,77571,SuperSonics,Forward,{}
Scott Padgett,1909,Scott Padgett,1909,,Forward,{}
Scott Roth,78022,Scott Roth,78022,Timberwolves,Forward,{}
Scott Sims,78161,Scott Sims,78161,Spurs,Guard,{}
Scott Skiles,101,Scott Skiles,101,Magic,Guard,{}
Scott Wedman,78482,Scott Wedman,78482,Kings,Forward,{}
Scott Williams,281,Scott Williams,281,,Forward-Center,{}
Scottie Pippen,937,Scottie Pippen,937,Bulls,Forward-Guard,{}
Sean Colson,2173,Sean Colson,2173,Rockets,Guard,{}
Sean Elliott,251,Sean Elliott,251,Spurs,Forward,{}
Sean Green,76875,Sean Green,76875,Pacers,Guard,{}
Sean Higgins,925,Sean Higgins,925,,Forward,{}
Sean Lampley,2253,Sean Lampley,2253,,Forward,{}
Sean Marks,1752,Sean Marks,1752,,Forward-Center,{}
Sean May,101118,Sean May,101118,Bobcats,Center-Forward,{}
Sean Rooks,399,Sean Rooks,399,Clippers,Center,{}
Sean Singletary,201606,Sean Singletary,201606,Bobcats,Guard,{}
Sedale Threatt,9,Sedale Threatt,9,Lakers,Guard,{}
Sedric Toney,78352,Sedric Toney,78352,Hawks,Guard,{}
Sergei Monia,2752,Sergei Monia,2752,,Forward,{}
Shaler Halimon,76922,Shaler Halimon,76922,Trail Blazers,Guard,{}
Shammond Williams,1742,Shammond Williams,1742,SuperSonics,Guard,{}
Shandon Anderson,1000,Shandon Anderson,1000,Knicks,Guard-Forward,{}
Shane Heal,1049,Shane Heal,1049,,Guard,{}
Shareef Abdur-Rahim,949,Shareef Abdur-Rahim,949,Grizzlies,Forward,{}
Sharone Wright,412,Sharone Wright,412,,Center,{}
Sharrod Ford,101213,Sharrod Ford,101213,,Forward,{}
Shawn Bradley,762,Shawn Bradley,762,Mavericks,Center,{}
Shawn Kemp,431,Shawn Kemp,431,SuperSonics,Forward,{}
Shawn Respert,704,Shawn Respert,704,,Guard,{}
Shawnelle Scott,1035,Shawnelle Scott,1035,,Center,{}
Shea Seals,1578,Shea Seals,1578,,Guard,{}
Shellie McMillon,77555,Shellie McMillon,77555,Pistons,Forward,{}
Shelton Jones,2652,Shelton Jones,2652,76ers,Forward,{}
Sherell Ford,726,Sherell Ford,726,SuperSonics,Forward,{}
Sherman Douglas,428,Sherman Douglas,428,,Guard,{}
Sherron Collins,202395,Sherron Collins,202395,,Guard,{}
Sherwin Raiken,77903,Sherwin Raiken,77903,Knicks,Guard,{}
Si Green,76877,Si Green,76877,Bullets,Guard,{}
Sid Catlett,76367,Sid Catlett,76367,Royals,Forward,{}
Sidney Green,76876,Sidney Green,76876,Bulls,Forward,{}
Sidney Lowe,77415,Sidney Lowe,77415,Timberwolves,Guard,{}
Sidney Moncrief,77626,Sidney Moncrief,77626,Bucks,Guard,{}
Sidney Wicks,78520,Sidney Wicks,78520,Trail Blazers,Forward,{}
Skeeter Henry,77003,Skeeter Henry,77003,Suns,Guard,{}
Skip Harlicka,76951,Skip Harlicka,76951,Hawks,Guard,{}
Slater Martin,77480,Slater Martin,77480,Lakers,Guard,{}
Sleepy Floyd,76726,Sleepy Floyd,76726,Rockets,Guard,{}
Slick Watts,78473,Slick Watts,78473,SuperSonics,Guard,{}
Sly Williams,78570,Sly Williams,78570,Knicks,Forward,{}
Smush Parker,2470,Smush Parker,2470,Lakers,Guard,{}
Sonny Parker,77800,Sonny Parker,77800,Warriors,Forward,{}
Soumaila Samake,2066,Soumaila Samake,2066,Nets,Center,{}
Speedy Claxton,2049,Speedy Claxton,2049,Warriors,Guard,{}
Spencer Haywood,76981,Spencer Haywood,76981,SuperSonics,Forward,{}
Spud Webb,892,Spud Webb,892,,Guard,{}
Stacey Arceneaux,76053,Stacey Arceneaux,76053,Hawks,Forward,{}
Stacey Augmon,278,Stacey Augmon,278,Hawks,Forward-Guard,{}
Stacey King,351,Stacey King,351,Bulls,Forward-Center,{}
Stan Brown,76285,Stan Brown,76285,Warriors,Forward,{}
Stan Kimbrough,77261,Stan Kimbrough,77261,Pistons,Forward,{}
Stan Love,77413,Stan Love,77413,Bullets,Forward,{}
Stan McKenzie,77543,Stan McKenzie,77543,Trail Blazers,Forward,{}
Stan Patrick,77809,Stan Patrick,77809,Hawks,Forward,{}
Stan Pietkiewicz,77858,Stan Pietkiewicz,77858,Clippers,Guard,{}
Stan Washington,78470,Stan Washington,78470,Bullets,Guard,{}
Stanley Brundy,76288,Stanley Brundy,76288,Nets,Forward,{}
Stanley Jackson,77109,Stanley Jackson,77109,Timberwolves,Guard,{}
Stanley Roberts,914,Stanley Roberts,914,,Center,{}
Steffond Johnson,77166,Steffond Johnson,77166,Clippers,Forward,{}
Stephen Howard,1128,Stephen Howard,1128,,Forward,{}
Stephen Thompson,78333,Stephen Thompson,78333,Kings,Forward,{}
Steve Alford,76024,Steve Alford,76024,Mavericks,Guard,{}
Steve Bracey,76226,Steve Bracey,76226,Hawks,Guard,{}
Steve Bucknall,76294,Steve Bucknall,76294,Lakers,Forward,{}
Steve Burtt,76316,Steve Burtt,76316,Warriors,Guard,{}
Steve Colter,306,Steve Colter,306,Bullets,Guard,{}
Steve Courtin,76459,Steve Courtin,76459,76ers,Guard,{}
Steve Downing,76594,Steve Downing,76594,Celtics,Center,{}
Steve Francis,1883,Steve Francis,1883,Rockets,Guard,{}
Steve Goodrich,1864,Steve Goodrich,1864,Bulls,Center,{}
Steve Green,76878,Steve Green,76878,Pacers,Forward,{}
Steve Hamer,984,Steve Hamer,984,Celtics,Center,{}
Steve Harris,76960,Steve Harris,76960,Rockets,Guard,{}
Steve Hawes,76971,Steve Hawes,76971,Hawks,Center,{}
Steve Hayes,76980,Steve Hayes,76980,Cavaliers,Center,{}
Steve Henson,1667,Steve Henson,1667,,Guard,{}
Steve Johnson,77134,Steve Johnson,77134,Kings,Center,{}
Steve Jones,77197,Steve Jones,77197,Trail Blazers,Guard,{}
Steve Kerr,70,Steve Kerr,70,Bulls,Guard,{}
Steve Kuberski,77316,Steve Kuberski,77316,Celtics,Forward,{}
Steve Lingenfelter,77389,Steve Lingenfelter,77389,Bullets,Forward,{}
Steve Malovic,77450,Steve Malovic,77450,Clippers,Forward,{}
Steve Mix,77618,Steve Mix,77618,76ers,Forward,{}
Steve Patterson,77812,Steve Patterson,77812,Cavaliers,Center,{}
Steve Scheffler,88,Steve Scheffler,88,,Forward,{}
Steve Sheppard,78135,Steve Sheppard,78135,Bulls,Forward,{}
Steve Stipanovich,78257,Steve Stipanovich,78257,Pacers,Center,{}
Steven Hill,201631,Steven Hill,201631,,Center,{}
Steven Hunter,2212,Steven Hunter,2212,Magic,Center,{}
Steven Smith,200848,Steven Smith,200848,,Forward,{}
Stevin Smith,1478,Stevin Smith,1478,Mavericks,Guard,{}
Stewart Granger,76847,Stewart Granger,76847,Cavaliers,Guard,{}
Stojko Vrankovic,1037,Stojko Vrankovic,1037,,Center,{}
Stromile Swift,2031,Stromile Swift,2031,Grizzlies,Forward-Center,{}
Stu Lantz,77338,Stu Lantz,77338,Rockets,Guard,{}
Stuart Gray,76861,Stuart Gray,76861,Pacers,Center,{}
Swen Nater,77689,Swen Nater,77689,Clippers,Center,{}
Sylvester Gray,76862,Sylvester Gray,76862,Heat,Forward,{}
Sylvester Norris,77732,Sylvester Norris,77732,Spurs,Center,{}
T.R. Dunn,76618,T.R. Dunn,76618,Nuggets,Guard,{}
Tamar Slay,2447,Tamar Slay,2447,,Guard,{}
Tang Hamilton,2347,Tang Hamilton,2347,Heat,Forward,{}
Tarence Kinsey,200814,Tarence Kinsey,200814,Grizzlies,Guard,{}
Tariq Abdul-Wahad,1505,Tariq Abdul-Wahad,1505,Kings,Forward-Guard,{}
Tate Armstrong,76059,Tate Armstrong,76059,Bulls,Guard,{}
Tate George,76801,Tate George,76801,Nets,Guard,{}
Taurean Green,201192,Taurean Green,201192,Nuggets,Guard,{}
Taylor Griffin,201981,Taylor Griffin,201981,Suns,Forward,{}
Ted Luckenbill,77421,Ted Luckenbill,77421,Warriors,Forward,{}
Ted Manakas,77451,Ted Manakas,77451,Kings,Guard,{}
Tellis Frank,76748,Tellis Frank,76748,Warriors,Forward,{}
Terence Morris,2242,Terence Morris,2242,,,{}
Terence Stansbury,78241,Terence Stansbury,78241,Pacers,Guard,{}
Terrance Roberson,2121,Terrance Roberson,2121,,,{}
Terrell Brandon,210,Terrell Brandon,210,Cavaliers,Guard,{}
Terrence Rencher,720,Terrence Rencher,720,,Guard,{}
Terry Catledge,767,Terry Catledge,767,Bullets,Forward,{}
Terry Crosby,76475,Terry Crosby,76475,Kings,Guard,{}
Terry Cummings,187,Terry Cummings,187,,Forward,{}
Terry Davis,426,Terry Davis,426,Mavericks,Center-Forward,{}
Terry Dehere,143,Terry Dehere,143,Clippers,Guard,{}
Terry Dischinger,76577,Terry Dischinger,76577,Pistons,Forward,{}
Terry Dozier,76596,Terry Dozier,76596,Hornets,Forward,{}
Terry Driscoll,76603,Terry Driscoll,76603,Bucks,Forward,{}
Terry Duerod,76608,Terry Duerod,76608,Pistons,Guard,{}
Terry Furlow,76767,Terry Furlow,76767,Cavaliers,Guard,{}
Terry Mills,371,Terry Mills,371,,Forward,{}
Terry Porter,345,Terry Porter,345,Trail Blazers,Guard,{}
Terry Teagle,78304,Terry Teagle,78304,Warriors,Guard,{}
Terry Thomas,78322,Terry Thomas,78322,Pistons,Forward,{}
Terry Tyler,78390,Terry Tyler,78390,Pistons,Forward,{}
Thales McReynolds,77566,Thales McReynolds,77566,Bullets,Guard,{}
Tharon Mayes,77493,Tharon Mayes,77493,76ers,Guard,{}
Theron Smith,2604,Theron Smith,2604,,Forward,{}
Thomas Gardner,201242,Thomas Gardner,201242,Hawks,Guard,{}
Thomas Hamilton,676,Thomas Hamilton,676,Rockets,Center,{}
Thomas Jordan,77208,Thomas Jordan,77208,76ers,Forward,{}
Thurl Bailey,1847,Thurl Bailey,1847,Jazz,Forward,{}
Tierre Brown,2357,Tierre Brown,2357,,Guard,{}
Tim Bassett,76120,Tim Bassett,76120,Nets,Forward,{}
Tim Breaux,160,Tim Breaux,160,,Forward,{}
Tim Hardaway,896,Tim Hardaway,896,,Guard,{}
Tim Kempton,1118,Tim Kempton,1118,,Center,{}
Tim Legler,100,Tim Legler,100,,Guard,{}
Tim McCormick,77516,Tim McCormick,77516,SuperSonics,Center,{}
Tim Perry,897,Tim Perry,897,,Forward,{}
Tim Thomas,1501,Tim Thomas,1501,Bucks,Forward,{}
Tim Young,1937,Tim Young,1937,Warriors,Center,{}
Tito Horford,77057,Tito Horford,77057,Bucks,Center,{}
Toby Bailey,1753,Toby Bailey,1753,Suns,Guard,{}
Toby Kimball,77259,Toby Kimball,77259,Rockets,Forward,{}
Toby Knight,77289,Toby Knight,77289,Knicks,Forward,{}
Tod Murphy,77674,Tod Murphy,77674,Timberwolves,Center,{}
Todd Day,103,Todd Day,103,,,{}
Todd Fuller,957,Todd Fuller,957,,Center,{}
Todd Lichti,77387,Todd Lichti,77387,Nuggets,Guard,{}
Todd MacCulloch,1928,Todd MacCulloch,1928,76ers,Center,{}
Todd Mitchell,77614,Todd Mitchell,77614,Heat,Forward,{}
Todd Mundt,942,Todd Mundt,942,Hawks,Center,{}
Togo Palazzi,77791,Togo Palazzi,77791,Nationals,Forward,{}
Tom Abernethy,76005,Tom Abernethy,76005,Warriors,Forward,{}
Tom Barker,76099,Tom Barker,76099,Hawks,Center,{}
Tom Black,76175,Tom Black,76175,SuperSonics,Center,{}
Tom Boerwinkle,76192,Tom Boerwinkle,76192,Bulls,Center,{}
Tom Boswell,76213,Tom Boswell,76213,Celtics,Forward,{}
Tom Brennan,76246,Tom Brennan,76246,Warriors,Forward,{}
Tom Burleson,76305,Tom Burleson,76305,SuperSonics,Center,{}
Tom Chambers,1472,Tom Chambers,1472,,Forward,{}
Tom Copa,76446,Tom Copa,76446,Spurs,Forward,{}
Tom Garrick,76790,Tom Garrick,76790,Clippers,Guard,{}
Tom Gola,76828,Tom Gola,76828,Warriors,Guard,{}
Tom Gugliotta,339,Tom Gugliotta,339,Suns,Forward,{}
Tom Hammonds,67,Tom Hammonds,67,,Forward,{}
Tom Hawkins,76977,Tom Hawkins,76977,Lakers,Forward,{}
Tom Heinsohn,76988,Tom Heinsohn,76988,Celtics,Forward,{}
Tom Henderson,76996,Tom Henderson,76996,Rockets,Guard,{}
Tom Hoover,77051,Tom Hoover,77051,Knicks,Center,{}
Tom Hovasse,77064,Tom Hovasse,77064,Hawks,Forward,{}
Tom Ingelsby,77094,Tom Ingelsby,77094,Hawks,Guard,{}
Tom Kozelko,77305,Tom Kozelko,77305,Bullets,Forward,{}
Tom Kropp,77314,Tom Kropp,77314,Bulls,Guard,{}
Tom LaGarde,77328,Tom LaGarde,77328,Mavericks,Center,{}
Tom Marshall,77467,Tom Marshall,77467,Royals,Forward,{}
Tom McMillen,77553,Tom McMillen,77553,Hawks,Forward,{}
Tom Meschery,77584,Tom Meschery,77584,Warriors,Forward,{}
Tom Owens,77786,Tom Owens,77786,Trail Blazers,Center,{}
Tom Payne,77823,Tom Payne,77823,Hawks,Center,{}
Tom Piotrowski,77863,Tom Piotrowski,77863,Trail Blazers,Center,{}
Tom Riker,77960,Tom Riker,77960,Knicks,Forward,{}
Tom Scheffler,78080,Tom Scheffler,78080,Trail Blazers,Center,{}
Tom Sewell,78116,Tom Sewell,78116,Bullets,Guard,{}
Tom Sluby,78174,Tom Sluby,78174,Mavericks,Guard,{}
Tom Stith,78260,Tom Stith,78260,Knicks,Forward,{}
Tom Thacker,78309,Tom Thacker,78309,Royals,Guard,{}
Tom Tolbert,78347,Tom Tolbert,78347,Warriors,Forward,{}
Tom Van Arsdale,78399,Tom Van Arsdale,78399,Kings,Forward,{}
Tom Workman,78617,Tom Workman,78617,Bullets,Forward,{}
Tommy Byrnes,76322,Tommy Byrnes,76322,Knicks,Guard,{}
Tommy Kearns,77231,Tommy Kearns,77231,Nationals,Guard,{}
Toni Kukoc,389,Toni Kukoc,389,Bulls,Forward,{}
Tony Bennett,76148,Tony Bennett,76148,Hornets,Guard,{}
Tony Bobbitt,2800,Tony Bobbitt,2800,,Guard,{}
Tony Brown,76268,Tony Brown,76268,Bucks,Forward,{}
Tony Campbell,76338,Tony Campbell,76338,Timberwolves,Forward,{}
Tony Dawson,76542,Tony Dawson,76542,Kings,Forward,{}
Tony Delk,960,Tony Delk,960,Suns,Guard,{}
Tony Dumas,434,Tony Dumas,434,,Guard,{}
Tony Farmer,1108,Tony Farmer,1108,Warriors,Forward,{}
Tony Fuller,76765,Tony Fuller,76765,Pistons,Guard,{}
Tony Harris,76961,Tony Harris,76961,Celtics,Guard,{}
Tony Jackson,77100,Tony Jackson,77100,Lakers,Guard,{}
Tony Jaros,77123,Tony Jaros,77123,Lakers,Forward,{}
Tony Lavelli,77346,Tony Lavelli,77346,Celtics,Forward,{}
Tony Massenburg,763,Tony Massenburg,763,Grizzlies,Forward-Center,{}
Tony Price,77882,Tony Price,77882,Clippers,Guard,{}
Tony Robertson,77983,Tony Robertson,77983,Hawks,Guard,{}
Tony Smith,380,Tony Smith,380,,Guard,{}
Tony White,78514,Tony White,78514,Warriors,Guard,{}
Tony Windis,78590,Tony Windis,78590,Pistons,Guard,{}
Tony Zeno,78643,Tony Zeno,78643,Pacers,Forward,{}
Torgeir Bryn,76292,Torgeir Bryn,76292,Clippers,Forward,{}
Torraye Braggs,1765,Torraye Braggs,1765,Rockets,Forward,{}
Tracy Jackson,77110,Tracy Jackson,77110,Bulls,Guard,{}
Tracy Moore,929,Tracy Moore,929,,Guard,{}
Tracy Murray,145,Tracy Murray,145,,Forward,{}
Trajan Langdon,1892,Trajan Langdon,1892,,,{}
Travis Best,696,Travis Best,696,Pacers,Guard,{}
Travis Diener,101143,Travis Diener,101143,Pacers,Guard,{}
Travis Grant,76853,Travis Grant,76853,Lakers,Forward,{}
Travis Hansen,2580,Travis Hansen,2580,Hawks,Guard-Forward,{}
Travis Knight,969,Travis Knight,969,Lakers,Center,{}
Travis Mays,77496,Travis Mays,77496,Kings,Guard,{}
Travis Williams,1576,Travis Williams,1576,,Forward,{}
Tree Rollins,78014,Tree Rollins,78014,Hawks,Center,{}
Tremaine Fowlkes,1762,Tremaine Fowlkes,1762,,Forward,{}
Trent Tucker,78375,Trent Tucker,78375,Knicks,Guard,{}
Trenton Hassell,2239,Trenton Hassell,2239,Timberwolves,Forward-Guard,{}
Trevor Ruffin,460,Trevor Ruffin,460,76ers,Guard,{}
Trevor Wilson,1027,Trevor Wilson,1027,Kings,Forward,{}
Trevor Winter,1868,Trevor Winter,1868,,Center,{}
Trey Gilder,201821,Trey Gilder,201821,,Forward,{}
Troy Bell,2559,Troy Bell,2559,Grizzlies,Guard,{}
Troy Hudson,1607,Troy Hudson,1607,,Guard,{}
Truck Robinson,77993,Truck Robinson,77993,Suns,Forward,{}
Tyrone Britt,76258,Tyrone Britt,76258,Rockets,Guard,{}
Tyrone Corbin,895,Tyrone Corbin,895,,Forward,{}
Tyrone Hill,238,Tyrone Hill,238,,Forward,{}
Tyrone Nesby,1838,Tyrone Nesby,1838,Clippers,Forward-Guard,{}
Tyronn Lue,1731,Tyronn Lue,1731,Hawks,Guard,{}
Tyson Wheeler,1755,Tyson Wheeler,1755,,Guard,{}
Tyus Edney,721,Tyus Edney,721,Kings,Guard,{}
Uwe Blab,76172,Uwe Blab,76172,Mavericks,Center,{}
Vern Fleming,313,Vern Fleming,313,Pacers,Guard,{}
Vern Gardner,76779,Vern Gardner,76779,Warriors,Center,{}
Vern Hatton,76969,Vern Hatton,76969,Warriors,Guard,{}
Vern Mikkelsen,77593,Vern Mikkelsen,77593,Lakers,Forward,{}
Vernon Maxwell,137,Vernon Maxwell,137,Rockets,Guard,{}
Vester Marshall,77468,Vester Marshall,77468,SuperSonics,Forward,{}
Vic Bartolome,76118,Vic Bartolome,76118,Warriors,Center,{}
Victor Alexander,2349,Victor Alexander,2349,Warriors,Forward,{}
Viktor Khryapa,2751,Viktor Khryapa,2751,,,{}
Vin Baker,452,Vin Baker,452,SuperSonics,Forward,{}
Vince Boryla,76210,Vince Boryla,76210,Knicks,Forward,{}
Vince Taylor,78303,Vince Taylor,78303,Knicks,Guard,{}
Vincent Askew,355,Vincent Askew,355,,Guard,{}
Vincent Yarbrough,2428,Vincent Yarbrough,2428,Nuggets,Forward,{}
Vincenzo Esposito,76683,Vincenzo Esposito,76683,Raptors,Guard,{}
Vinnie Johnson,77167,Vinnie Johnson,77167,Pistons,Guard,{}
Vinny Del Negro,219,Vinny Del Negro,219,,Guard,{}
Vitaly Potapenko,958,Vitaly Potapenko,958,Celtics,Center-Forward,{}
Vlade Divac,124,Vlade Divac,124,Lakers,Center,{}
Vladimir Stepania,1735,Vladimir Stepania,1735,Heat,Center,{}
Voise Winters,78601,Voise Winters,78601,76ers,Forward,{}
Vonteego Cummings,1907,Vonteego Cummings,1907,,,{}
Voshon Lenard,702,Voshon Lenard,702,Heat,Guard,{}
Wali Jones,77198,Wali Jones,77198,76ers,Guard,{}
Wallace Bryant,76291,Wallace Bryant,76291,Mavericks,Center,{}
Wally Anderzunas,76048,Wally Anderzunas,76048,Royals,Center,{}
Wally Osterkorn,77775,Wally Osterkorn,77775,Nationals,Forward,{}
Wally Rank,77910,Wally Rank,77910,Clippers,Forward,{}
Wally Szczerbiak,1887,Wally Szczerbiak,1887,Timberwolves,Guard-Forward,{}
Wally Walker,78442,Wally Walker,78442,SuperSonics,Forward,{}
Walt Bellamy,76144,Walt Bellamy,76144,Hawks,Center,{}
Walt Davis,76536,Walt Davis,76536,Warriors,Center,{}
Walt Frazier,76750,Walt Frazier,76750,Knicks,Guard,{}
Walt Gilmore,76817,Walt Gilmore,76817,Trail Blazers,Forward,{}
Walt Hazzard,76983,Walt Hazzard,76983,Hawks,Guard,{}
Walt Kirk,77278,Walt Kirk,77278,Hawks,Guard,{}
Walt Lautenbach,77345,Walt Lautenbach,77345,Redskins,Forward,{}
Walt Wesley,78495,Walt Wesley,78495,Royals,Center,{}
Walt Williams,1005,Walt Williams,1005,,Forward-Guard,{}
Walter Berry,76158,Walter Berry,76158,Spurs,Forward,{}
Walter Bond,1603,Walter Bond,1603,Jazz,Guard,{}
Walter Davis,1453,Walter Davis,1453,Suns,Guard,{}
Walter Dukes,76611,Walter Dukes,76611,Pistons,Center,{}
Walter Herrmann,200835,Walter Herrmann,200835,Pistons,Forward,{}
Walter Jordan,77209,Walter Jordan,77209,Cavaliers,Forward,{}
Walter McCarty,962,Walter McCarty,962,Celtics,Forward,{}
Walter Palmer,77794,Walter Palmer,77794,Jazz,Center,{}
Walter Sharpe,201594,Walter Sharpe,201594,Pistons,Forward,{}
Wardell Jackson,77111,Wardell Jackson,77111,SuperSonics,Forward,{}
Warren Kidd,77254,Warren Kidd,77254,76ers,Forward,{}
Wayman Britt,76259,Wayman Britt,76259,Pistons,Guard,{}
Wayman Tisdale,47,Wayman Tisdale,47,Kings,Forward,{}
Wayne Cooper,76441,Wayne Cooper,76441,Nuggets,Center,{}
Wayne Embry,76668,Wayne Embry,76668,Royals,Center,{}
Wayne Hightower,77023,Wayne Hightower,77023,Warriors,Forward,{}
Wayne Kreklow,77312,Wayne Kreklow,77312,Celtics,Guard,{}
Jonathan Mogbo,1642367,Jonathan Mogbo,1642367,Raptors,Forward,{}
Chima Moneke,1631320,Chima Moneke,1631320,,Forward,{}
Moses Moody,1630541,Moses Moody,1630541,Warriors,Guard,{}
Xavier Moon,1629875,Xavier Moon,1629875,Clippers,Guard,{}
Tazé Moore,1631386,Tazé Moore,1631386,,Guard,{}
Wendell Moore Jr.,1631111,Wendell Moore Jr.,1631111,Hornets,Guard,{}
Monté Morris,1628420,Monté Morris,1628420,Suns,Guard,{}
Marcus Morris Sr.,202694,Marcus Morris Sr.,202694,Cavaliers,Forward,{}
Ade Murkey,1630278,Ade Murkey,1630278,,Guard,{}
Trey Murphy III,1630530,Trey Murphy III,1630530,Pelicans,Forward,{}
Keegan Murray,1631099,Keegan Murray,1631099,Kings,Forward,{}
Kris Murray,1631200,Kris Murray,1631200,Trail Blazers,Forward,{}
Pete Nance,1631250,Pete Nance,1631250,Bucks,Forward,{}
Andrew Nembhard,1629614,Andrew Nembhard,1629614,Pacers,Guard-Forward,{}
Ruben Nembhard Jr.,1630612,Ruben Nembhard Jr.,1630612,Cavaliers,Guard,{}
Aaron Nesmith,1630174,Aaron Nesmith,1630174,Pacers,Guard-Forward,{}
Malik Newman,1629005,Malik Newman,1629005,,Guard,{}
Tristen Newton,1641803,Tristen Newton,1641803,Timberwolves,Guard,{}
Daishen Nix,1630227,Daishen Nix,1630227,,Guard,{}
Zeke Nnaji,1630192,Zeke Nnaji,1630192,Nuggets,Forward-Center,{}
Miles Norris,1641936,Miles Norris,1641936,Celtics,Forward,{}
Markquis Nowell,1641806,Markquis Nowell,1641806,,Guard,{}
Jusuf Nurkić,203994,Jusuf Nurkić,203994,Hornets,Center,{}
Jordan Nwora,1629670,Jordan Nwora,1629670,Raptors,Forward,{}
Onyeka Okongwu,1630168,Onyeka Okongwu,1630168,Hawks,Forward-Center,{}
Isaac Okoro,1630171,Isaac Okoro,1630171,Cavaliers,Forward-Guard,{}
Quincy Olivari,1642439,Quincy Olivari,1642439,,Guard,{}
Cameron Oliver,1628419,Cameron Oliver,1628419,,Forward,{}
Eugene Omoruyi,1630647,Eugene Omoruyi,1630647,Wizards,Forward,{}
Daniel Oturu,1630187,Daniel Oturu,1630187,,Center,{}
Jaysean Paige,1629873,Jaysean Paige,1629873,,Guard,{}
Trayvon Palmer,1629309,Trayvon Palmer,1629309,,Guard,{}
Kevin Pangos,1630698,Kevin Pangos,1630698,,Guard,{}
Anžejs Pasečņiks,1628394,Anžejs Pasečņiks,1628394,,Center-Forward,{}
Maozinha Pereira,1641970,Maozinha Pereira,1641970,,Forward,{}
Reggie Perry,1629617,Reggie Perry,1629617,,Forward-Center,{}
Drew Peterson,1641809,Drew Peterson,1641809,Celtics,Forward,{}
Filip Petrusev,1630196,Filip Petrusev,1630196,,Center,{}
Julian Phillips,1641763,Julian Phillips,1641763,Bulls,Forward,{}
Jalen Pickett,1629618,Jalen Pickett,1629618,Nuggets,Guard,{}
Jamorko Pickett,1630691,Jamorko Pickett,1630691,Pistons,Forward,{}
Scotty Pippen Jr.,1630590,Scotty Pippen Jr.,1630590,Grizzlies,Guard,{}
Daeqwon Plowden,1631342,Daeqwon Plowden,1631342,Hawks,Guard-Forward,{}
Brandin Podziemski,1641764,Brandin Podziemski,1641764,Warriors,Guard,{}
Aleksej Pokusevski,1630197,Aleksej Pokusevski,1630197,Hornets,Forward,{}
Yves Pons,1630582,Yves Pons,1630582,Grizzlies,Forward,{}
Jontay Porter,1629007,Jontay Porter,1629007,,Center-Forward,{}
Craig Porter Jr.,1641854,Craig Porter Jr.,1641854,Cavaliers,Guard,{}
Kristaps Porziņģis,204001,Kristaps Porziņģis,204001,Celtics,Forward-Center,{}
Quinten Post,1642366,Quinten Post,1642366,Warriors,Center,{}
Micah Potter,1630695,Micah Potter,1630695,Jazz,Center,{}
Myles Powell,1629619,Myles Powell,1629619,76ers,Guard,{}
Jason Preston,1630554,Jason Preston,1630554,Jazz,Guard,{}
Joshua Primo,1630563,Joshua Primo,1630563,,Guard,{}
Payton Pritchard,1630202,Payton Pritchard,1630202,Celtics,Guard,{}
Olivier-Maxence Prosper,1641765,Olivier-Maxence Prosper,1641765,Mavericks,Forward,{}
Zyon Pullin,1642389,Zyon Pullin,1642389,Grizzlies,Guard,{}
Trevelin Queen,1630243,Trevelin Queen,1630243,Magic,Guard,{}
Neemias Queta,1629674,Neemias Queta,1629674,Celtics,Center,{}
Immanuel Quickley,1630193,Immanuel Quickley,1630193,Raptors,Guard,{}
Lester Quinones,1631311,Lester Quinones,1631311,Pelicans,Guard,{}
Jahmi'us Ramsey,1630186,Jahmi'us Ramsey,1630186,,Guard,{}
Duop Reath,1641871,Duop Reath,1641871,Trail Blazers,Center,{}
Austin Reaves,1630559,Austin Reaves,1630559,Lakers,Guard,{}
Cam Reddish,1629629,Cam Reddish,1629629,,Forward-Guard,{}
Paul Reed,1630194,Paul Reed,1630194,Pistons,Forward,{}
Alex Reese,1642024,Alex Reese,1642024,76ers,Forward-Center,{}
Antonio Reeves,1641810,Antonio Reeves,1641810,Pelicans,Guard,{}
Naz Reid,1629675,Naz Reid,1629675,Timberwolves,Center-Forward,{}
Cam Reynolds,1629244,Cam Reynolds,1629244,,Forward,{}
Jared Rhoden,1631197,Jared Rhoden,1631197,Raptors,Guard,{}
Nick Richards,1630208,Nick Richards,1630208,Suns,Center,{}
Grant Riller,1630203,Grant Riller,1630203,Hornets,Guard,{}
Zaccharie Risacher,1642258,Zaccharie Risacher,1642258,Hawks,Forward,{}
Liam Robbins,1641857,Liam Robbins,1641857,,Center,{}
Orlando Robinson,1631115,Orlando Robinson,1631115,,Center,{}
Jeremiah Robinson-Earl,1630526,Jeremiah Robinson-Earl,1630526,Pelicans,Forward,{}
David Roddy,1631223,David Roddy,1631223,Rockets,Forward,{}
Ryan Rollins,1631157,Ryan Rollins,1631157,Bucks,Guard,{}
Jackson Rowe,1642050,Jackson Rowe,1642050,Warriors,Forward,{}
Rayan Rupert,1641712,Rayan Rupert,1641712,Trail Blazers,Guard-Forward,{}
Matt Ryan,1630346,Matt Ryan,1630346,,Forward,{}
Tidjane Salaün,1642275,Tidjane Salaün,1642275,Hornets,Forward,{}
Jermaine Samuels Jr.,1631257,Jermaine Samuels Jr.,1631257,Rockets,Forward,{}
Adama Sanogo,1641766,Adama Sanogo,1641766,,Forward,{}
Gui Santos,1630611,Gui Santos,1630611,Warriors,Forward,{}
Alex Sarr,1642259,Alex Sarr,1642259,Wizards,Center,{}
Olivier Sarr,1630846,Olivier Sarr,1630846,Thunder,Center,{}
Marcus Sasser,1631204,Marcus Sasser,1631204,Pistons,Guard,{}
Jordan Schakel,1630648,Jordan Schakel,1630648,,Guard,{}
Baylor Scheierman,1631248,Baylor Scheierman,1631248,Celtics,Guard,{}
Dennis Schröder,203471,Dennis Schröder,203471,Pistons,Guard,{}
Trevon Scott,1630286,Trevon Scott,1630286,,Forward,{}
Jay Scrubb,1630206,Jay Scrubb,1630206,,Guard,{}
Dereon Seabron,1631220,Dereon Seabron,1631220,Pelicans,Guard,{}
Alperen Sengun,1630578,Alperen Sengun,1630578,Rockets,Center,{}
Brice Sensabaugh,1641729,Brice Sensabaugh,1641729,Jazz,Forward,{}
Terrence Shannon Jr.,1630545,Terrence Shannon Jr.,1630545,Timberwolves,Guard-Forward,{}
Day'Ron Sharpe,1630549,Day'Ron Sharpe,1630549,Nets,Center,{}
Shaedon Sharpe,1631101,Shaedon Sharpe,1631101,Trail Blazers,Guard,{}
Jamal Shead,1642347,Jamal Shead,1642347,Raptors,Guard,{}
Ben Sheppard,1641767,Ben Sheppard,1641767,Pacers,Guard,{}
Reed Sheppard,1642263,Reed Sheppard,1642263,Rockets,Guard,{}
Marko Simonovic,1630250,Marko Simonovic,1630250,Bulls,Center,{}
KJ Simpson,1642354,KJ Simpson,1642354,Hornets,Guard,{}
Zavier Simpson,1630285,Zavier Simpson,1630285,,Guard,{}
Jaylen Sims,1631301,Jaylen Sims,1631301,,Guard,{}
Jericho Sims,1630579,Jericho Sims,1630579,Bucks,Center,{}
Dmytro Skapintsev,1631376,Dmytro Skapintsev,1631376,,Center,{}
Jalen Slawson,1641771,Jalen Slawson,1641771,Kings,Forward,{}
Javonte Smart,1630606,Javonte Smart,1630606,,Guard,{}
Dru Smith,1630696,Dru Smith,1630696,Heat,Guard,{}
Jalen Smith,1630188,Jalen Smith,1630188,Bulls,Forward-Center,{}
Terquavion Smith,1631173,Terquavion Smith,1631173,76ers,Guard,{}
Tolu Smith,1642449,Tolu Smith,1642449,Pistons,Forward,{}
Tyler Smith,1641890,Tyler Smith,1641890,Bucks,Forward,{}
Jabari Smith Jr.,1631095,Jabari Smith Jr.,1631095,Rockets,Forward,{}
Nick Smith Jr.,1641733,Nick Smith Jr.,1641733,Hornets,Guard,{}
Xavier Sneed,1630270,Xavier Sneed,1630270,Hornets,Forward,{}
Jeremy Sochan,1631110,Jeremy Sochan,1631110,Spurs,Forward,{}
Cam Spencer,1642285,Cam Spencer,1642285,Grizzlies,Guard,{}
Pat Spencer,1630311,Pat Spencer,1630311,Warriors,Guard,{}
Jaden Springer,1630531,Jaden Springer,1630531,Jazz,Guard,{}
Cassius Stanley,1630199,Cassius Stanley,1630199,,Guard,{}
Isaiah Stevens,1641815,Isaiah Stevens,1641815,Heat,Guard,{}
Lamar Stevens,1630205,Lamar Stevens,1630205,Grizzlies,Forward,{}
DJ Stewart,1630597,DJ Stewart,1630597,Spurs,Guard,{}
Isaiah Stewart,1630191,Isaiah Stewart,1630191,Pistons,Forward-Center,{}
Julian Strawther,1631124,Julian Strawther,1631124,Nuggets,Guard,{}
Jalen Suggs,1630591,Jalen Suggs,1630591,Magic,Guard,{}
Cole Swider,1631306,Cole Swider,1631306,,Forward,{}
Craig Sword,1628591,Craig Sword,1628591,,Guard,{}
Keifer Sykes,1626208,Keifer Sykes,1626208,,Guard,{}
Jae'Sean Tate,1630256,Jae'Sean Tate,1630256,Rockets,Forward,{}
Terry Taylor,1630678,Terry Taylor,1630678,,Forward,{}
Dalen Terry,1631207,Dalen Terry,1631207,Bulls,Forward,{}
Tyrell Terry,1630179,Tyrell Terry,1630179,Grizzlies,Guard,{}
Jon Teske,1630257,Jon Teske,1630257,,Center,{}
Brodric Thomas,1630271,Brodric Thomas,1630271,Celtics,Guard,{}
Cam Thomas,1630560,Cam Thomas,1630560,Nets,Guard,{}
Amen Thompson,1641708,Amen Thompson,1641708,Rockets,Guard-Forward,{}
Ausar Thompson,1641709,Ausar Thompson,1641709,Pistons,Guard-Forward,{}
Ethan Thompson,1630679,Ethan Thompson,1630679,Magic,Guard,{}
JT Thor,1630550,JT Thor,1630550,Wizards,Forward,{}
Killian Tillie,1629681,Killian Tillie,1629681,Grizzlies,Forward-Center,{}
Xavier Tillman,1630214,Xavier Tillman,1630214,Celtics,Forward,{}
Drew Timme,1631166,Drew Timme,1631166,Nets,Forward,{}
Isaiah Todd,1630225,Isaiah Todd,1630225,Wizards,Forward,{}
Nae'Qwan Tomlin,1641772,Nae'Qwan Tomlin,1641772,Cavaliers,Forward,{}
Nikola Topić,1642260,Nikola Topić,1642260,Thunder,Guard,{}
Jacob Toppin,1631210,Jacob Toppin,1631210,Hawks,Forward,{}
Obi Toppin,1630167,Obi Toppin,1630167,Pacers,Forward,{}
Armel Traoré,1642422,Armel Traoré,1642422,,Forward,{}
Luke Travers,1631247,Luke Travers,1631247,Cavaliers,Forward,{}
Oscar Tshiebwe,1631131,Oscar Tshiebwe,1631131,Jazz,Forward-Center,{}
P.J. Tucker,200782,P.J. Tucker,200782,Knicks,Forward,{}
Rayjon Tucker,1629730,Rayjon Tucker,1629730,Bucks,Guard,{}
Hunter Tyson,1641816,Hunter Tyson,1641816,Nuggets,Forward,{}
Jaylon Tyson,1642281,Jaylon Tyson,1642281,Cavaliers,Guard-Forward,{}
Stanley Umude,1630649,Stanley Umude,1630649,Bucks,Guard,{}
Jonas Valančiūnas,202685,Jonas Valančiūnas,202685,Kings,Center,{}
Devin Vassell,1630170,Devin Vassell,1630170,Spurs,Guard-Forward,{}
Sasha Vezenkov,1628426,Sasha Vezenkov,1628426,Kings,Forward,{}
Luca Vildoza,1630492,Luca Vildoza,1630492,Bucks,Guard,{}
Gabe Vincent,1629216,Gabe Vincent,1629216,Lakers,Guard,{}
Tristan Vukcevic,1641774,Tristan Vukcevic,1641774,Wizards,Forward,{}
Nikola Vučević,202696,Nikola Vučević,202696,Bulls,Center,{}
Franz Wagner,1630532,Franz Wagner,1630532,Magic,Forward,{}
Ish Wainright,1630688,Ish Wainright,1630688,Suns,Forward,{}
Jabari Walker,1631133,Jabari Walker,1631133,Trail Blazers,Forward,{}
Jarace Walker,1641716,Jarace Walker,1641716,Pacers,Forward,{}
MJ Walker,1630640,MJ Walker,1630640,,Guard,{}
Cason Wallace,1641717,Cason Wallace,1641717,Thunder,Guard,{}
Keaton Wallace,1630811,Keaton Wallace,1630811,Hawks,Guard,{}
Jordan Walsh,1641775,Jordan Walsh,1641775,Celtics,Guard,{}
Ja'Kobe Walter,1642266,Ja'Kobe Walter,1642266,Raptors,Guard,{}
Kel'el Ware,1642276,Kel'el Ware,1642276,Heat,Center,{}
Duane Washington Jr.,1630613,Duane Washington Jr.,1630613,Knicks,Guard,{}
TyTy Washington Jr.,1631102,TyTy Washington Jr.,1631102,Suns,Guard,{}
Lindy Waters III,1630322,Lindy Waters III,1630322,Pistons,Forward,{}
Trendon Watford,1630570,Trendon Watford,1630570,Nets,Guard-Forward,{}
Anton Watson,1641817,Anton Watson,1641817,Knicks,Forward,{}
Paul Watson,1628778,Paul Watson,1628778,,Guard,{}
Peyton Watson,1631212,Peyton Watson,1631212,Nuggets,Guard,{}
Jaylen Wells,1642377,Jaylen Wells,1642377,Grizzlies,Forward,{}
Victor Wembanyama,1629647,Darius Bazley,1629647,Jazz,Forward,"{""name"": {""local"": ""Victor Wembanyama"", ""nba"": ""Darius Bazley""}}"
Phillip Wheeler,1630762,Phillip Wheeler,1630762,,Forward,{}
Jack White,1631298,Jack White,1631298,,Forward,{}
Dariq Whitehead,1641727,Dariq Whitehead,1641727,Nets,Guard-Forward,{}
Cam Whitmore,1641715,Cam Whitmore,1641715,Rockets,Forward,{}
Greg Whittington,204222,Greg Whittington,204222,,Forward,{}
Joe Wieskamp,1630580,Joe Wieskamp,1630580,Raptors,Guard-Forward,{}
Aaron Wiggins,1630598,Aaron Wiggins,1630598,Thunder,Guard,{}
C.J. Wilcox,203912,C.J. Wilcox,203912,Clippers,Guard,{}
Alondes Williams,1631214,Alondes Williams,1631214,,Guard,{}
Cody Williams,1642262,Cody Williams,1642262,Jazz,Forward,{}
Donovan Williams,1631495,Donovan Williams,1631495,Hawks,Guard,{}
Jalen Williams,1631114,Jalen Williams,1631114,Thunder,Guard-Forward,{}
Jaylin Williams,1631119,Jaylin Williams,1631119,Thunder,Forward,{}
Malik Williams,1642013,Malik Williams,1642013,Raptors,Center,{}
Mark Williams,1631109,Mark Williams,1631109,Hornets,Center,{}
Patrick Williams,1630172,Patrick Williams,1630172,Bulls,Forward,{}
Ziaire Williams,1630533,Ziaire Williams,1630533,Nets,Forward,{}
Vince Williams Jr.,1631246,Vince Williams Jr.,1631246,Grizzlies,Guard,{}
Jalen Wilson,1630592,Jalen Wilson,1630592,Nets,Forward,{}
Cassius Winston,1630216,Cassius Winston,1630216,Wizards,Guard,{}
James Wiseman,1630164,James Wiseman,1630164,,Center,{}
Isaiah Wong,1631209,Isaiah Wong,1631209,,Guard,{}
Robert Woodard II,1630218,Robert Woodard II,1630218,Spurs,Forward,{}
Kenny Wooten,1629624,Kenny Wooten,1629624,Knicks,Forward,{}
Moses Wright,1630589,Moses Wright,1630589,Mavericks,Forward,{}
McKinley Wright IV,1630593,McKinley Wright IV,1630593,Mavericks,Guard,{}
Cui Yongxi,1642385,Cui Yongxi,1642385,,Forward,{}
Gabe York,1628221,Gabe York,1628221,Pacers,Guard,{}
Jahmir Young,1642443,Jahmir Young,1642443,Bulls,Guard,{}
Omer Yurtseven,1630209,Omer Yurtseven,1630209,Jazz,Center,{}
Tristan da Silva,1641783,Tristan da Silva,1641783,Magic,Forward,{}
Vlatko Čančar,1628427,Vlatko Čančar,1628427,Nuggets,Forward,{}
Dario Šarić,203967,Dario Šarić,203967,Nuggets,Forward-Center,{}
